{"type":"FeatureCollection","features":[{"type":"Feature","properties":{"kode":"35.09.01","nama":"Jombang","label":[-8.22432,113.35544]},"geometry":{"type":"Polygon","coordinates":[[[113.34786,-8.26872],[113.3493,-8.26966],[113.34765,-8.27363],[113.34743,-8.27521],[113.34863,-8.27562],[113.34775,-8.2778],[113.34535,-8.27503],[113.34455,-8.27497],[113.3432,-8.27597],[113.34095,-8.27507],[113.34082,-8.27372],[113.34392,-8.27409],[113.34534,-8.27309],[113.34533,-8.27224],[113.34239,-8.27037],[113.33914,-8.26927],[113.33575,-8.26706],[113.33445,-8.26856],[113.33248,-8.26892],[113.32962,-8.26603],[113.32931,-8.26396],[113.32782,-8.26461],[113.3264,-8.26435],[113.3238,-8.2619],[113.32237,-8.26119],[113.32007,-8.26233],[113.31937,-8.25802],[113.31725,-8.25396],[113.31539,-8.24868],[113.31502,-8.24351],[113.31558,-8.23822],[113.31393,-8.23501],[113.31173,-8.23372],[113.31271,-8.23194],[113.31306,-8.22883],[113.31636,-8.22749],[113.31736,-8.22754],[113.31777,-8.22608],[113.32014,-8.22664],[113.32175,-8.22539],[113.32289,-8.22324],[113.3242,-8.22223],[113.32581,-8.2221],[113.32684,-8.22126],[113.32798,-8.21951],[113.32773,-8.2173],[113.32907,-8.21727],[113.32998,-8.21618],[113.33136,-8.21549],[113.33137,-8.21396],[113.33059,-8.21261],[113.33316,-8.20938],[113.33337,-8.20827],[113.3367,-8.20639],[113.33871,-8.20618],[113.3416,-8.20608],[113.34232,-8.20733],[113.34444,-8.20782],[113.34814,-8.20734],[113.34862,-8.20719],[113.34927,-8.20571],[113.35296,-8.20387],[113.35339,-8.20313],[113.35276,-8.20093],[113.3537,-8.19997],[113.354,-8.19834],[113.35579,-8.19707],[113.36072,-8.18934],[113.36329,-8.18946],[113.36581,-8.18664],[113.36789,-8.1853],[113.36807,-8.18262],[113.3689,-8.18118],[113.37044,-8.18053],[113.37221,-8.18195],[113.37435,-8.18277],[113.37803,-8.18257],[113.37989,-8.18415],[113.38281,-8.18386],[113.38557,-8.18485],[113.38762,-8.18217],[113.38783,-8.18021],[113.38907,-8.1784],[113.38923,-8.17637],[113.39074,-8.17438],[113.39762,-8.17521],[113.40098,-8.17249],[113.40286,-8.17545],[113.4054,-8.17522],[113.40638,-8.17648],[113.40749,-8.17588],[113.40766,-8.17759],[113.40614,-8.17999],[113.40613,-8.18076],[113.40676,-8.18086],[113.40691,-8.18215],[113.41032,-8.18378],[113.41192,-8.18578],[113.40941,-8.18819],[113.39636,-8.21153],[113.39095,-8.21911],[113.38781,-8.22594],[113.38234,-8.23338],[113.3818,-8.23309],[113.38083,-8.23345],[113.37485,-8.231],[113.368,-8.23715],[113.3587,-8.24048],[113.35435,-8.25418],[113.35555,-8.25454],[113.35765,-8.25707],[113.35714,-8.25869],[113.35452,-8.25684],[113.3545,-8.2584],[113.35109,-8.26499],[113.34981,-8.26466],[113.34922,-8.26661],[113.34856,-8.2666],[113.34786,-8.26872]]]}},{"type":"Feature","properties":{"kode":"35.09.02","nama":"Kencong","label":[-8.28551,113.35811]},"geometry":{"type":"MultiPolygon","coordinates":[[[[113.34493,-8.32617],[113.3477,-8.32826],[113.34647,-8.33057],[113.34645,-8.33163],[113.34801,-8.33241],[113.34907,-8.33432],[113.346,-8.33717],[113.33499,-8.32683],[113.32455,-8.31893],[113.31737,-8.31465],[113.31638,-8.31338],[113.31671,-8.31224],[113.31589,-8.31144],[113.31441,-8.31073],[113.31435,-8.31151],[113.31354,-8.31163],[113.31352,-8.3121],[113.31242,-8.31196],[113.30888,-8.31021],[113.30803,-8.30895],[113.30653,-8.30805],[113.30354,-8.30721],[113.30471,-8.3045],[113.30791,-8.30172],[113.30912,-8.29961],[113.31525,-8.28382],[113.3183,-8.27271],[113.32007,-8.26233],[113.32237,-8.26119],[113.3238,-8.2619],[113.3264,-8.26435],[113.32782,-8.26461],[113.32931,-8.26396],[113.32962,-8.26603],[113.33248,-8.26892],[113.33445,-8.26856],[113.33575,-8.26706],[113.33914,-8.26927],[113.34148,-8.26986],[113.34461,-8.27167],[113.34543,-8.27266],[113.34425,-8.27402],[113.34082,-8.27372],[113.34059,-8.27443],[113.34111,-8.27528],[113.34352,-8.27595],[113.34432,-8.27508],[113.34535,-8.27503],[113.34798,-8.27773],[113.34863,-8.27562],[113.34743,-8.27521],[113.34765,-8.27363],[113.3493,-8.26966],[113.34775,-8.26901],[113.34856,-8.2666],[113.34922,-8.26661],[113.34981,-8.26466],[113.35109,-8.26499],[113.3545,-8.2584],[113.35452,-8.25684],[113.35714,-8.25869],[113.35765,-8.25707],[113.35555,-8.25454],[113.35435,-8.25418],[113.35859,-8.24059],[113.368,-8.23715],[113.37485,-8.231],[113.38083,-8.23345],[113.3818,-8.23309],[113.38234,-8.23338],[113.38027,-8.23787],[113.37926,-8.24566],[113.37746,-8.25159],[113.38436,-8.25345],[113.38506,-8.25197],[113.38813,-8.25307],[113.39724,-8.25928],[113.39937,-8.26191],[113.40409,-8.26589],[113.40603,-8.26884],[113.40584,-8.26967],[113.40532,-8.26953],[113.40484,-8.27152],[113.4036,-8.27365],[113.40378,-8.27689],[113.4032,-8.27928],[113.404,-8.28212],[113.40045,-8.2872],[113.39804,-8.28912],[113.39758,-8.28894],[113.3947,-8.29184],[113.39304,-8.29432],[113.39108,-8.29896],[113.38941,-8.29981],[113.38813,-8.30318],[113.38289,-8.29952],[113.38058,-8.30524],[113.37752,-8.30931],[113.37384,-8.31282],[113.37036,-8.31713],[113.37307,-8.31973],[113.37716,-8.32224],[113.37944,-8.32516],[113.38466,-8.32886],[113.38023,-8.3337],[113.37856,-8.33635],[113.37468,-8.33425],[113.35971,-8.31953],[113.35655,-8.31727],[113.35588,-8.31489],[113.3547,-8.31403],[113.3547,-8.31241],[113.35296,-8.3117],[113.35185,-8.31245],[113.34999,-8.31282],[113.34771,-8.3183],[113.34635,-8.31748],[113.34558,-8.31616],[113.34458,-8.31617],[113.34562,-8.31869],[113.34667,-8.31944],[113.34534,-8.32115],[113.3447,-8.32136],[113.34322,-8.31911],[113.34222,-8.31907],[113.33974,-8.32193],[113.34014,-8.32365],[113.34135,-8.32506],[113.34236,-8.32545],[113.34524,-8.32516],[113.34493,-8.32617]]],[[[113.34525,-8.32517],[113.34627,-8.32155],[113.3475,-8.32035],[113.34962,-8.32316],[113.34925,-8.32404],[113.34722,-8.32458],[113.34575,-8.32569],[113.34525,-8.32517]]]]}},{"type":"Feature","properties":{"kode":"35.09.03","nama":"Sumberbaru","label":[-8.09114,113.41044]},"geometry":{"type":"Polygon","coordinates":[[[113.41324,-8.16288],[113.40764,-8.16612],[113.40561,-8.16789],[113.40471,-8.16994],[113.40027,-8.17291],[113.398,-8.17511],[113.39263,-8.17489],[113.39162,-8.17428],[113.39016,-8.17469],[113.38913,-8.17663],[113.38907,-8.1784],[113.38773,-8.18049],[113.38762,-8.18217],[113.38582,-8.18479],[113.38482,-8.18487],[113.38281,-8.18386],[113.37989,-8.18415],[113.37777,-8.18253],[113.37435,-8.18277],[113.37221,-8.18195],[113.37044,-8.18053],[113.36863,-8.18135],[113.36854,-8.17946],[113.36759,-8.178],[113.36776,-8.17704],[113.36624,-8.17425],[113.36696,-8.17038],[113.3668,-8.16939],[113.36592,-8.16856],[113.3665,-8.16792],[113.36843,-8.16808],[113.36832,-8.16644],[113.37257,-8.16678],[113.37272,-8.16479],[113.37408,-8.16524],[113.37495,-8.16503],[113.3746,-8.16339],[113.37578,-8.16333],[113.37626,-8.16147],[113.37758,-8.16179],[113.37787,-8.15995],[113.37889,-8.1592],[113.37953,-8.15776],[113.37944,-8.14983],[113.37891,-8.14849],[113.37612,-8.14916],[113.37341,-8.14769],[113.37236,-8.14637],[113.37232,-8.14328],[113.37295,-8.1414],[113.37488,-8.13891],[113.37487,-8.13706],[113.37656,-8.13558],[113.37588,-8.13299],[113.3759,-8.13083],[113.37394,-8.1303],[113.37015,-8.12775],[113.36752,-8.12209],[113.36749,-8.12011],[113.36583,-8.1193],[113.36467,-8.11944],[113.3641,-8.11861],[113.36304,-8.11936],[113.36241,-8.11849],[113.36238,-8.11704],[113.36294,-8.1159],[113.36503,-8.11389],[113.36618,-8.1146],[113.36744,-8.11316],[113.36742,-8.11204],[113.36837,-8.11087],[113.36607,-8.10763],[113.36514,-8.1048],[113.36379,-8.10439],[113.36348,-8.10166],[113.36193,-8.10072],[113.3625,-8.10024],[113.36416,-8.10078],[113.36357,-8.09823],[113.36451,-8.09627],[113.36324,-8.09447],[113.36313,-8.09361],[113.36368,-8.09304],[113.36298,-8.09148],[113.36543,-8.09023],[113.36629,-8.08817],[113.36555,-8.08688],[113.36675,-8.08643],[113.36674,-8.0859],[113.36488,-8.08391],[113.36177,-8.08377],[113.36268,-8.0821],[113.36206,-8.08073],[113.36039,-8.08117],[113.35717,-8.07843],[113.35719,-8.07747],[113.35822,-8.07638],[113.35725,-8.07591],[113.35688,-8.07349],[113.35734,-8.07256],[113.35408,-8.07068],[113.35397,-8.06832],[113.35298,-8.06775],[113.35368,-8.06671],[113.35201,-8.06564],[113.35206,-8.06453],[113.35007,-8.06342],[113.34991,-8.06095],[113.35123,-8.06062],[113.34868,-8.05489],[113.34963,-8.0536],[113.35015,-8.05171],[113.35186,-8.05082],[113.35117,-8.04898],[113.35241,-8.04761],[113.35245,-8.04466],[113.35468,-8.04297],[113.35485,-8.04077],[113.35604,-8.03762],[113.35508,-8.0352],[113.3567,-8.03485],[113.3585,-8.03193],[113.36091,-8.0296],[113.36104,-8.02781],[113.36666,-8.0277],[113.36664,-8.02587],[113.36829,-8.02473],[113.36941,-8.02532],[113.36894,-8.02406],[113.36976,-8.0227],[113.37196,-8.02332],[113.37185,-8.02142],[113.37249,-8.02243],[113.37446,-8.02174],[113.37531,-8.02319],[113.37598,-8.02156],[113.37893,-8.02046],[113.37869,-8.01891],[113.37982,-8.0187],[113.37867,-8.0178],[113.37991,-8.01682],[113.38003,-8.01571],[113.3823,-8.01111],[113.384,-8.01001],[113.3849,-8.0083],[113.38696,-8.00699],[113.38705,-8.00495],[113.38848,-8.00383],[113.38953,-8.00184],[113.39098,-7.99717],[113.39631,-8.00027],[113.39731,-8.00134],[113.39675,-8.00227],[113.39727,-8.00362],[113.39853,-8.0033],[113.39997,-8.00402],[113.40199,-8.00364],[113.40316,-8.00267],[113.40354,-8.00358],[113.405,-8.00346],[113.40577,-8.00592],[113.40556,-8.00719],[113.40663,-8.008],[113.40694,-8.00804],[113.4067,-8.00728],[113.40758,-8.00747],[113.40887,-8.00614],[113.40992,-8.00626],[113.41024,-8.00545],[113.41172,-8.00564],[113.41219,-8.00517],[113.41337,-8.00627],[113.41382,-8.00591],[113.41473,-8.00652],[113.41719,-8.00938],[113.42027,-8.00857],[113.42193,-8.00998],[113.42237,-8.00931],[113.42201,-8.00784],[113.42277,-8.00779],[113.42283,-8.00836],[113.42397,-8.00895],[113.42784,-8.00962],[113.42831,-8.01099],[113.44021,-8.01522],[113.44066,-8.01618],[113.44047,-8.01818],[113.44225,-8.0226],[113.44485,-8.02518],[113.44796,-8.02517],[113.4483,-8.02592],[113.44926,-8.02606],[113.44999,-8.02317],[113.44971,-8.02154],[113.45038,-8.01998],[113.45129,-8.01951],[113.45279,-8.0201],[113.45403,-8.01954],[113.45657,-8.0228],[113.4592,-8.0231],[113.45987,-8.02427],[113.46238,-8.02613],[113.46424,-8.02645],[113.46506,-8.02736],[113.46745,-8.02655],[113.46999,-8.02682],[113.47089,-8.02617],[113.46939,-8.03168],[113.46876,-8.03829],[113.46337,-8.0507],[113.46442,-8.06165],[113.46441,-8.06687],[113.46253,-8.07695],[113.4606,-8.08393],[113.45726,-8.09003],[113.4575,-8.0908],[113.45679,-8.09168],[113.45664,-8.09571],[113.45583,-8.09674],[113.45432,-8.0972],[113.45417,-8.09988],[113.45335,-8.10087],[113.45328,-8.1025],[113.45232,-8.10422],[113.4526,-8.10532],[113.4509,-8.10586],[113.45001,-8.10683],[113.44577,-8.10493],[113.44383,-8.10486],[113.4433,-8.10648],[113.44202,-8.10802],[113.44195,-8.1109],[113.44008,-8.11367],[113.43914,-8.11432],[113.43931,-8.11781],[113.43882,-8.11754],[113.43773,-8.11824],[113.43511,-8.11851],[113.43199,-8.12098],[113.42777,-8.12085],[113.42714,-8.12031],[113.42595,-8.12069],[113.42324,-8.12301],[113.41915,-8.12344],[113.41842,-8.1242],[113.41776,-8.12533],[113.41798,-8.12816],[113.41918,-8.12923],[113.42062,-8.12917],[113.42088,-8.13083],[113.42337,-8.13185],[113.42374,-8.13358],[113.42347,-8.13448],[113.42382,-8.13477],[113.4231,-8.13634],[113.42362,-8.13764],[113.4216,-8.14145],[113.41912,-8.14486],[113.41707,-8.15214],[113.41584,-8.15453],[113.41324,-8.16288]],[[113.36846,-8.12342],[113.36846,-8.12342],[113.36846,-8.12342],[113.36846,-8.12342]]]}},{"type":"Feature","properties":{"kode":"35.09.04","nama":"Gumuk Mas","label":[-8.33396,113.4139]},"geometry":{"type":"Polygon","coordinates":[[[113.41423,-8.35922],[113.41388,-8.36618],[113.4084,-8.36782],[113.4072,-8.37143],[113.40764,-8.38463],[113.4082,-8.38924],[113.39362,-8.39941],[113.39071,-8.4005],[113.38864,-8.40031],[113.38697,-8.39856],[113.38465,-8.39433],[113.37804,-8.37887],[113.36973,-8.36466],[113.3598,-8.35122],[113.346,-8.33717],[113.34907,-8.33432],[113.3485,-8.33295],[113.34633,-8.33119],[113.3477,-8.32826],[113.34508,-8.32641],[113.34524,-8.32516],[113.34236,-8.32545],[113.34135,-8.32506],[113.34014,-8.32365],[113.33974,-8.32193],[113.34222,-8.31907],[113.34322,-8.31911],[113.3447,-8.32136],[113.34534,-8.32115],[113.34667,-8.31944],[113.34562,-8.31869],[113.34458,-8.31617],[113.34558,-8.31616],[113.34635,-8.31748],[113.34771,-8.3183],[113.34999,-8.31282],[113.35185,-8.31245],[113.35296,-8.3117],[113.35363,-8.31192],[113.3547,-8.31241],[113.3547,-8.31403],[113.35588,-8.31489],[113.35655,-8.31727],[113.35971,-8.31953],[113.37468,-8.33425],[113.37856,-8.33635],[113.38023,-8.3337],[113.38466,-8.32886],[113.37944,-8.32516],[113.37716,-8.32224],[113.37307,-8.31973],[113.37036,-8.31713],[113.37384,-8.31282],[113.37752,-8.30931],[113.38058,-8.30524],[113.38289,-8.29952],[113.38813,-8.30318],[113.38941,-8.29981],[113.39108,-8.29896],[113.39304,-8.29432],[113.3947,-8.29184],[113.39758,-8.28894],[113.39804,-8.28912],[113.40045,-8.2872],[113.40404,-8.28201],[113.4032,-8.27928],[113.40378,-8.27689],[113.40357,-8.27388],[113.40532,-8.26953],[113.42704,-8.26946],[113.42727,-8.26854],[113.43274,-8.26833],[113.43287,-8.26792],[113.43981,-8.27013],[113.44011,-8.26946],[113.44281,-8.27108],[113.44448,-8.27275],[113.44937,-8.27497],[113.46163,-8.27908],[113.46035,-8.28339],[113.45833,-8.28447],[113.4577,-8.28555],[113.45688,-8.28542],[113.45678,-8.28772],[113.45579,-8.28876],[113.45205,-8.2899],[113.45008,-8.29117],[113.44773,-8.29127],[113.44464,-8.30197],[113.44464,-8.30307],[113.44543,-8.30325],[113.44466,-8.30985],[113.44396,-8.31086],[113.44353,-8.31331],[113.44358,-8.31703],[113.44453,-8.3209],[113.44374,-8.32114],[113.44782,-8.33423],[113.44757,-8.33626],[113.44492,-8.33979],[113.44598,-8.34702],[113.44361,-8.34802],[113.44324,-8.34716],[113.44401,-8.34696],[113.44432,-8.34596],[113.44226,-8.34561],[113.44173,-8.34377],[113.44112,-8.34461],[113.43968,-8.34496],[113.4389,-8.34326],[113.43695,-8.3413],[113.43637,-8.34182],[113.43688,-8.34326],[113.4358,-8.34333],[113.43448,-8.34472],[113.43378,-8.34484],[113.43473,-8.34169],[113.43336,-8.34411],[113.43277,-8.34402],[113.42985,-8.34718],[113.43043,-8.34755],[113.43017,-8.34789],[113.42942,-8.34756],[113.42773,-8.34916],[113.42389,-8.35607],[113.42274,-8.35766],[113.42215,-8.35763],[113.42169,-8.35951],[113.41423,-8.35922]],[[113.34598,-8.3222],[113.34575,-8.32569],[113.34953,-8.32357],[113.34882,-8.32169],[113.3475,-8.32035],[113.34598,-8.3222]]]}},{"type":"Feature","properties":{"kode":"35.09.05","nama":"Umbulsari","label":[-8.24334,113.41652]},"geometry":{"type":"Polygon","coordinates":[[[113.43279,-8.26817],[113.42727,-8.26854],[113.42704,-8.26946],[113.40655,-8.26935],[113.40584,-8.26967],[113.40603,-8.26884],[113.40356,-8.26531],[113.39937,-8.26191],[113.39724,-8.25928],[113.38983,-8.25406],[113.38506,-8.25197],[113.38436,-8.25345],[113.37746,-8.25159],[113.37926,-8.24566],[113.38027,-8.23787],[113.38152,-8.23477],[113.38781,-8.22594],[113.39095,-8.21911],[113.39533,-8.21325],[113.40329,-8.19959],[113.40529,-8.20076],[113.40765,-8.20457],[113.40926,-8.2055],[113.41064,-8.20474],[113.41344,-8.20542],[113.4142,-8.20676],[113.41597,-8.20631],[113.41939,-8.2071],[113.42051,-8.20532],[113.42266,-8.20552],[113.42352,-8.20428],[113.42562,-8.20462],[113.42623,-8.20385],[113.42715,-8.20381],[113.42755,-8.2044],[113.42664,-8.20452],[113.42717,-8.20731],[113.42942,-8.21148],[113.43318,-8.21281],[113.43322,-8.2136],[113.43404,-8.21433],[113.43409,-8.21538],[113.43547,-8.21643],[113.43673,-8.21647],[113.43603,-8.21926],[113.43526,-8.22027],[113.43618,-8.22139],[113.43668,-8.22086],[113.43965,-8.22197],[113.44267,-8.21864],[113.44844,-8.22021],[113.44927,-8.22005],[113.45677,-8.22435],[113.45441,-8.2284],[113.45295,-8.23475],[113.45282,-8.2368],[113.45362,-8.24074],[113.45332,-8.24626],[113.45141,-8.25069],[113.4551,-8.25288],[113.45863,-8.24431],[113.45923,-8.24048],[113.461,-8.23745],[113.46166,-8.2345],[113.46289,-8.23336],[113.46298,-8.23235],[113.46394,-8.23213],[113.46514,-8.23104],[113.46525,-8.22926],[113.46676,-8.22778],[113.4665,-8.22643],[113.46763,-8.22391],[113.47041,-8.22076],[113.47218,-8.21985],[113.4749,-8.21974],[113.47761,-8.22034],[113.47982,-8.21994],[113.48142,-8.21881],[113.48318,-8.21517],[113.48945,-8.21537],[113.49313,-8.21298],[113.49851,-8.21416],[113.50688,-8.21681],[113.5124,-8.21788],[113.511,-8.22022],[113.50964,-8.22104],[113.50801,-8.22303],[113.50621,-8.22662],[113.50411,-8.2283],[113.50373,-8.22959],[113.50068,-8.23148],[113.50049,-8.23341],[113.49945,-8.23384],[113.49942,-8.23578],[113.49852,-8.23548],[113.49726,-8.23677],[113.4958,-8.24018],[113.4958,-8.24236],[113.49454,-8.24455],[113.49535,-8.24483],[113.49539,-8.2457],[113.49393,-8.24676],[113.49417,-8.24782],[113.49496,-8.24841],[113.49493,-8.24949],[113.49371,-8.25268],[113.49117,-8.25264],[113.49044,-8.25208],[113.48947,-8.25398],[113.48838,-8.2549],[113.48692,-8.25496],[113.48495,-8.25608],[113.4855,-8.2571],[113.48409,-8.25747],[113.48394,-8.25916],[113.48263,-8.25907],[113.48168,-8.26077],[113.48101,-8.2605],[113.4805,-8.26192],[113.48014,-8.26185],[113.47995,-8.26321],[113.47772,-8.26301],[113.47694,-8.26459],[113.48003,-8.26556],[113.48131,-8.26698],[113.4807,-8.27003],[113.48143,-8.2705],[113.48127,-8.27241],[113.48069,-8.27199],[113.4808,-8.27156],[113.47961,-8.2713],[113.47982,-8.27056],[113.47933,-8.26993],[113.47489,-8.26692],[113.47231,-8.26768],[113.471,-8.26926],[113.47106,-8.27069],[113.47024,-8.27295],[113.4699,-8.27287],[113.46948,-8.27401],[113.46908,-8.27348],[113.46859,-8.27375],[113.46679,-8.27622],[113.46457,-8.284],[113.46274,-8.28489],[113.46233,-8.28665],[113.46131,-8.2865],[113.46079,-8.28585],[113.45937,-8.28579],[113.45845,-8.28653],[113.45689,-8.2867],[113.45669,-8.28597],[113.45688,-8.28542],[113.4577,-8.28555],[113.45833,-8.28447],[113.46035,-8.28339],[113.46163,-8.27908],[113.44937,-8.27497],[113.44448,-8.27275],[113.44281,-8.27108],[113.44011,-8.26946],[113.43981,-8.27013],[113.43279,-8.26817]]]}},{"type":"Feature","properties":{"kode":"35.09.06","nama":"Tanggul","label":[-8.10054,113.50146]},"geometry":{"type":"Polygon","coordinates":[[[113.50301,-8.17891],[113.50032,-8.18305],[113.49996,-8.18479],[113.49914,-8.18469],[113.49707,-8.18707],[113.49707,-8.18834],[113.49648,-8.18931],[113.49731,-8.18956],[113.49665,-8.19125],[113.49701,-8.19139],[113.49449,-8.19714],[113.49192,-8.19986],[113.49154,-8.19951],[113.49007,-8.20026],[113.48809,-8.20358],[113.48748,-8.20353],[113.48657,-8.20719],[113.48118,-8.2191],[113.47835,-8.22034],[113.47396,-8.21984],[113.47359,-8.21712],[113.47215,-8.21569],[113.46243,-8.21339],[113.46741,-8.19568],[113.45346,-8.19088],[113.45671,-8.18472],[113.45844,-8.17812],[113.45315,-8.17593],[113.44541,-8.17444],[113.44491,-8.17583],[113.44276,-8.17487],[113.44253,-8.17552],[113.44093,-8.17513],[113.44073,-8.17564],[113.43793,-8.17184],[113.43745,-8.16954],[113.44067,-8.16241],[113.44074,-8.16102],[113.43952,-8.15923],[113.43342,-8.15684],[113.43006,-8.15143],[113.43259,-8.1495],[113.43313,-8.14834],[113.43283,-8.14687],[113.43028,-8.14397],[113.43095,-8.14214],[113.42957,-8.14117],[113.43033,-8.13985],[113.43014,-8.13919],[113.43138,-8.13861],[113.43076,-8.13735],[113.43219,-8.1371],[113.43075,-8.13652],[113.43198,-8.13463],[113.43298,-8.13548],[113.43426,-8.13494],[113.43466,-8.13391],[113.43845,-8.13396],[113.44066,-8.13268],[113.44233,-8.13265],[113.44389,-8.13114],[113.44384,-8.1293],[113.44483,-8.12865],[113.44456,-8.12723],[113.4453,-8.12625],[113.44473,-8.12496],[113.44634,-8.12328],[113.44865,-8.12214],[113.44976,-8.12069],[113.44996,-8.11957],[113.45093,-8.11905],[113.45159,-8.11798],[113.45031,-8.11449],[113.45227,-8.11222],[113.45042,-8.10905],[113.45043,-8.10697],[113.45001,-8.10683],[113.4509,-8.10586],[113.4526,-8.10532],[113.45232,-8.10422],[113.45328,-8.1025],[113.45335,-8.10087],[113.45417,-8.09988],[113.45432,-8.0972],[113.45583,-8.09674],[113.45664,-8.09571],[113.45679,-8.09168],[113.4575,-8.0908],[113.45726,-8.09003],[113.4607,-8.08367],[113.46415,-8.06957],[113.46447,-8.06288],[113.46352,-8.05519],[113.46353,-8.04996],[113.46832,-8.03972],[113.46939,-8.03168],[113.47089,-8.02617],[113.47442,-8.02606],[113.47591,-8.02549],[113.47597,-8.02375],[113.47471,-8.02305],[113.47507,-8.02033],[113.47762,-8.01496],[113.48157,-8.0095],[113.48197,-8.00608],[113.48081,-8.00247],[113.4812,-8.00005],[113.4804,-7.99887],[113.48026,-7.99736],[113.48182,-7.99425],[113.48246,-7.99417],[113.48232,-7.99492],[113.48316,-7.99553],[113.48293,-7.99646],[113.48463,-7.99681],[113.48514,-7.99601],[113.48587,-7.99719],[113.48804,-7.99663],[113.49026,-7.99708],[113.49053,-7.99936],[113.49227,-7.9988],[113.49207,-8.00027],[113.49283,-8.00151],[113.49471,-8.00221],[113.49487,-8.00304],[113.49422,-8.00403],[113.49463,-8.00496],[113.49933,-8.00213],[113.50023,-8.00241],[113.50044,-8.00362],[113.50273,-8.00336],[113.50392,-8.00421],[113.50597,-8.00367],[113.5062,-8.00495],[113.50729,-8.00542],[113.50963,-8.00349],[113.51131,-8.00362],[113.51334,-8.00302],[113.51465,-8.0015],[113.51563,-8.00255],[113.51662,-8.0028],[113.51697,-8.00404],[113.51873,-8.00361],[113.52022,-8.00542],[113.5211,-8.00521],[113.52188,-8.00372],[113.52467,-8.0043],[113.52502,-8.00476],[113.52477,-8.00624],[113.52643,-8.00658],[113.52667,-8.0084],[113.52839,-8.00821],[113.52936,-8.00899],[113.53051,-8.00801],[113.5331,-8.00917],[113.5336,-8.00798],[113.53421,-8.00772],[113.53441,-8.00665],[113.53564,-8.0076],[113.5365,-8.00641],[113.53798,-8.00654],[113.53837,-8.00602],[113.53979,-8.00661],[113.53946,-8.00509],[113.54062,-8.00525],[113.54133,-8.0047],[113.54217,-8.00331],[113.54211,-8.00201],[113.54284,-8.00046],[113.54432,-8.00108],[113.54443,-8.00036],[113.54566,-7.99937],[113.5488,-7.99888],[113.54999,-7.99948],[113.55035,-7.99849],[113.55107,-7.99921],[113.5514,-7.99861],[113.55396,-7.99756],[113.55433,-7.99669],[113.55722,-7.99583],[113.55749,-7.99483],[113.55949,-7.99469],[113.56097,-7.98834],[113.56227,-7.98514],[113.56212,-7.98346],[113.56284,-7.98271],[113.56548,-7.98379],[113.56664,-7.98313],[113.56869,-7.98342],[113.57132,-7.98126],[113.56956,-7.98647],[113.56937,-7.98838],[113.57053,-7.99037],[113.57002,-7.99271],[113.57092,-7.99479],[113.57082,-7.99659],[113.5682,-8.00045],[113.56698,-8.00101],[113.566,-8.00236],[113.56528,-8.0038],[113.56534,-8.00639],[113.56221,-8.00721],[113.5613,-8.00806],[113.55972,-8.01157],[113.5595,-8.0169],[113.55894,-8.01972],[113.55764,-8.02204],[113.55756,-8.02439],[113.55782,-8.026],[113.56006,-8.02931],[113.55787,-8.03048],[113.55364,-8.0394],[113.5528,-8.04245],[113.55307,-8.0465],[113.55391,-8.04809],[113.55081,-8.0569],[113.54934,-8.06738],[113.55014,-8.0702],[113.55046,-8.07438],[113.55019,-8.0786],[113.54899,-8.08053],[113.54837,-8.08295],[113.54906,-8.08554],[113.54914,-8.08895],[113.54858,-8.09028],[113.54996,-8.09204],[113.55017,-8.09472],[113.54941,-8.0962],[113.55031,-8.09839],[113.54924,-8.10021],[113.54963,-8.10236],[113.54875,-8.10489],[113.54736,-8.10555],[113.54577,-8.1076],[113.54511,-8.11142],[113.5447,-8.11176],[113.54396,-8.11149],[113.54364,-8.11325],[113.54213,-8.11512],[113.54211,-8.11652],[113.54151,-8.11773],[113.53963,-8.11825],[113.53686,-8.12102],[113.53651,-8.12282],[113.53699,-8.12421],[113.53642,-8.12633],[113.53834,-8.12677],[113.53796,-8.12969],[113.53618,-8.13349],[113.53298,-8.13671],[113.53219,-8.13672],[113.52931,-8.13859],[113.52662,-8.14303],[113.52563,-8.14375],[113.52545,-8.14482],[113.52368,-8.14621],[113.52281,-8.14755],[113.51855,-8.15014],[113.51597,-8.15432],[113.51434,-8.16011],[113.51163,-8.163],[113.51165,-8.1656],[113.51088,-8.16829],[113.50776,-8.17125],[113.50517,-8.17521],[113.5045,-8.17538],[113.50415,-8.17784],[113.50301,-8.17891]]]}},{"type":"Feature","properties":{"kode":"35.09.07","nama":"Semboro","label":[-8.17905,113.43246]},"geometry":{"type":"Polygon","coordinates":[[[113.45346,-8.19088],[113.46741,-8.19568],[113.46243,-8.21339],[113.47215,-8.21569],[113.47359,-8.21712],[113.47396,-8.21984],[113.47218,-8.21985],[113.46957,-8.22129],[113.46763,-8.22391],[113.4665,-8.22643],[113.46676,-8.22778],[113.46525,-8.22926],[113.46514,-8.23104],[113.46394,-8.23213],[113.46298,-8.23235],[113.46289,-8.23336],[113.46166,-8.2345],[113.461,-8.23745],[113.45923,-8.24048],[113.45863,-8.24431],[113.4551,-8.25288],[113.45141,-8.25069],[113.45332,-8.24626],[113.45362,-8.24074],[113.45282,-8.2368],[113.45295,-8.23475],[113.45441,-8.2284],[113.45677,-8.22435],[113.44927,-8.22005],[113.44844,-8.22021],[113.44267,-8.21864],[113.43965,-8.22197],[113.43668,-8.22086],[113.43618,-8.22139],[113.43526,-8.22027],[113.43603,-8.21926],[113.43673,-8.21647],[113.43547,-8.21643],[113.43409,-8.21538],[113.43404,-8.21433],[113.43322,-8.2136],[113.43318,-8.21281],[113.42942,-8.21148],[113.42717,-8.20731],[113.42664,-8.20452],[113.42755,-8.2044],[113.42715,-8.20381],[113.42623,-8.20385],[113.42562,-8.20462],[113.42352,-8.20428],[113.42266,-8.20552],[113.42051,-8.20532],[113.41939,-8.2071],[113.41597,-8.20631],[113.4142,-8.20676],[113.41344,-8.20542],[113.41064,-8.20474],[113.40926,-8.2055],[113.40765,-8.20457],[113.40529,-8.20076],[113.40329,-8.19959],[113.40941,-8.18819],[113.41192,-8.18578],[113.41032,-8.18378],[113.40691,-8.18215],[113.40676,-8.18086],[113.40613,-8.18076],[113.40614,-8.17999],[113.40766,-8.17759],[113.40749,-8.17588],[113.40638,-8.17648],[113.4054,-8.17522],[113.40286,-8.17545],[113.40098,-8.17249],[113.40471,-8.16994],[113.40561,-8.16789],[113.40764,-8.16612],[113.41351,-8.16253],[113.41912,-8.14486],[113.4216,-8.14145],[113.42362,-8.13764],[113.4231,-8.13634],[113.42382,-8.13477],[113.42347,-8.13448],[113.42374,-8.13358],[113.42337,-8.13185],[113.42088,-8.13083],[113.42062,-8.12917],[113.41918,-8.12923],[113.41798,-8.12816],[113.41785,-8.12505],[113.41915,-8.12344],[113.42324,-8.12301],[113.42595,-8.12069],[113.42748,-8.12025],[113.42777,-8.12085],[113.43199,-8.12098],[113.43511,-8.11851],[113.43773,-8.11824],[113.43882,-8.11754],[113.43931,-8.11781],[113.43914,-8.11432],[113.44008,-8.11367],[113.44195,-8.1109],[113.44202,-8.10802],[113.4433,-8.10648],[113.44383,-8.10486],[113.44577,-8.10493],[113.45035,-8.10678],[113.45042,-8.10905],[113.45227,-8.11222],[113.45031,-8.11449],[113.45159,-8.11798],[113.45093,-8.11905],[113.44996,-8.11957],[113.44976,-8.12069],[113.44865,-8.12214],[113.44634,-8.12328],[113.44473,-8.12496],[113.4453,-8.12625],[113.44456,-8.12723],[113.44483,-8.12865],[113.44384,-8.1293],[113.44389,-8.13114],[113.44233,-8.13265],[113.44066,-8.13268],[113.43845,-8.13396],[113.43466,-8.13391],[113.43426,-8.13494],[113.43298,-8.13548],[113.43213,-8.13461],[113.43167,-8.13484],[113.43075,-8.13652],[113.43219,-8.1371],[113.43076,-8.13735],[113.43138,-8.13861],[113.43066,-8.13926],[113.43019,-8.13914],[113.43033,-8.13985],[113.42951,-8.14085],[113.43095,-8.14214],[113.43028,-8.14397],[113.43283,-8.14687],[113.43313,-8.14834],[113.43259,-8.1495],[113.42997,-8.15114],[113.43229,-8.15558],[113.43342,-8.15684],[113.43909,-8.15901],[113.44059,-8.16042],[113.44067,-8.16241],[113.43739,-8.17005],[113.43793,-8.17184],[113.44073,-8.17564],[113.44093,-8.17513],[113.44253,-8.17552],[113.44276,-8.17487],[113.44491,-8.17583],[113.44541,-8.17444],[113.45315,-8.17593],[113.45844,-8.17812],[113.45671,-8.18472],[113.45346,-8.19088]]]}},{"type":"Feature","properties":{"kode":"35.09.08","nama":"Puger","label":[-8.32878,113.4772]},"geometry":{"type":"MultiPolygon","coordinates":[[[[113.43534,-8.37839],[113.42775,-8.37989],[113.41955,-8.38281],[113.41868,-8.38278],[113.41786,-8.38374],[113.4082,-8.38924],[113.40764,-8.38463],[113.4072,-8.37143],[113.4084,-8.36782],[113.41388,-8.36618],[113.41423,-8.35922],[113.42169,-8.35951],[113.42215,-8.35763],[113.42274,-8.35766],[113.42389,-8.35607],[113.42773,-8.34916],[113.42942,-8.34756],[113.43017,-8.34789],[113.43043,-8.34755],[113.42985,-8.34718],[113.43277,-8.34402],[113.43336,-8.34411],[113.43473,-8.34169],[113.43378,-8.34484],[113.43448,-8.34472],[113.4358,-8.34333],[113.43688,-8.34326],[113.43637,-8.34182],[113.43695,-8.3413],[113.4389,-8.34326],[113.43968,-8.34496],[113.44112,-8.34461],[113.44173,-8.34377],[113.44226,-8.34561],[113.44432,-8.34596],[113.44401,-8.34696],[113.44324,-8.34716],[113.44361,-8.34802],[113.44593,-8.34713],[113.44492,-8.33979],[113.44757,-8.33626],[113.44782,-8.33423],[113.44374,-8.32114],[113.44453,-8.3209],[113.44358,-8.31703],[113.44352,-8.3136],[113.44374,-8.31154],[113.44466,-8.30985],[113.44543,-8.30325],[113.44464,-8.30307],[113.44454,-8.30253],[113.44727,-8.29242],[113.44767,-8.29242],[113.44773,-8.29127],[113.45008,-8.29117],[113.45205,-8.2899],[113.45539,-8.28905],[113.45672,-8.28784],[113.45701,-8.28654],[113.45845,-8.28653],[113.45957,-8.2858],[113.46079,-8.28585],[113.46131,-8.2865],[113.46233,-8.28665],[113.46274,-8.28489],[113.46457,-8.284],[113.46679,-8.27622],[113.46859,-8.27375],[113.46908,-8.27348],[113.46948,-8.27401],[113.4699,-8.27287],[113.47024,-8.27295],[113.47106,-8.27069],[113.47105,-8.26917],[113.47263,-8.26745],[113.47489,-8.26692],[113.47933,-8.26993],[113.47982,-8.27056],[113.47961,-8.2713],[113.4808,-8.27156],[113.48075,-8.27205],[113.48477,-8.27533],[113.48744,-8.27618],[113.48696,-8.27698],[113.4885,-8.27856],[113.49102,-8.27939],[113.49038,-8.28035],[113.49071,-8.2822],[113.49293,-8.28243],[113.49256,-8.2839],[113.49585,-8.285],[113.49609,-8.28435],[113.50273,-8.28734],[113.50283,-8.28667],[113.50538,-8.28749],[113.50573,-8.2869],[113.50772,-8.28783],[113.50696,-8.28826],[113.50951,-8.29207],[113.51055,-8.2928],[113.51084,-8.29323],[113.51052,-8.29353],[113.51335,-8.29761],[113.51183,-8.29978],[113.50994,-8.30454],[113.50949,-8.30742],[113.5069,-8.31231],[113.5176,-8.31901],[113.52138,-8.32045],[113.5189,-8.32305],[113.51809,-8.32481],[113.51545,-8.32455],[113.51317,-8.32587],[113.51131,-8.32596],[113.51054,-8.32731],[113.50859,-8.32799],[113.50796,-8.32958],[113.50698,-8.33059],[113.50568,-8.33129],[113.50362,-8.33147],[113.50183,-8.33463],[113.49906,-8.33532],[113.49822,-8.33824],[113.49853,-8.34182],[113.49689,-8.34658],[113.49358,-8.34883],[113.49274,-8.35577],[113.49449,-8.35654],[113.49473,-8.35749],[113.49307,-8.35845],[113.49304,-8.35958],[113.49187,-8.36196],[113.48934,-8.364],[113.48974,-8.36705],[113.48795,-8.37138],[113.48692,-8.37192],[113.48255,-8.3704],[113.48156,-8.37196],[113.48159,-8.3728],[113.48346,-8.37518],[113.48324,-8.37668],[113.47588,-8.37909],[113.47389,-8.38099],[113.47392,-8.38224],[113.47731,-8.38443],[113.47784,-8.38629],[113.47751,-8.38739],[113.47631,-8.38734],[113.47585,-8.38607],[113.4747,-8.38683],[113.47568,-8.38594],[113.47557,-8.38538],[113.47326,-8.38369],[113.45793,-8.37897],[113.44728,-8.37768],[113.43534,-8.37839]]],[[[113.29713,-8.44447],[113.3011,-8.446],[113.30098,-8.44685],[113.30169,-8.44715],[113.30102,-8.44804],[113.30199,-8.44898],[113.30256,-8.44832],[113.30327,-8.44842],[113.30318,-8.44949],[113.30361,-8.44984],[113.30459,-8.44943],[113.30516,-8.45032],[113.30634,-8.45041],[113.30667,-8.44991],[113.30803,-8.45078],[113.30862,-8.44992],[113.3102,-8.4495],[113.31069,-8.45008],[113.31256,-8.45051],[113.3148,-8.4523],[113.3165,-8.45278],[113.32588,-8.45285],[113.32864,-8.449],[113.33218,-8.44849],[113.33311,-8.44916],[113.33513,-8.4526],[113.33605,-8.45307],[113.33845,-8.45289],[113.33872,-8.45345],[113.34034,-8.45368],[113.34101,-8.45642],[113.34251,-8.45802],[113.34456,-8.45757],[113.34549,-8.45543],[113.34727,-8.45521],[113.34823,-8.4558],[113.34955,-8.45484],[113.34933,-8.45315],[113.35017,-8.45162],[113.35318,-8.44911],[113.35518,-8.45073],[113.35677,-8.451],[113.35887,-8.45225],[113.35942,-8.45303],[113.36492,-8.45253],[113.3669,-8.45071],[113.36725,-8.451],[113.36808,-8.45055],[113.36739,-8.45307],[113.36815,-8.45495],[113.36909,-8.4559],[113.37047,-8.45638],[113.37174,-8.45863],[113.37326,-8.45729],[113.37357,-8.45803],[113.37481,-8.45743],[113.37549,-8.45901],[113.37624,-8.45901],[113.37708,-8.45736],[113.37817,-8.45719],[113.37862,-8.45657],[113.37939,-8.4569],[113.3799,-8.45785],[113.38094,-8.4573],[113.38251,-8.45856],[113.38374,-8.45728],[113.38466,-8.45785],[113.3855,-8.45702],[113.38743,-8.45831],[113.38777,-8.45702],[113.38901,-8.45682],[113.38909,-8.45477],[113.39029,-8.45378],[113.39262,-8.45416],[113.39322,-8.4548],[113.39323,-8.45567],[113.39394,-8.45591],[113.39612,-8.4548],[113.39666,-8.4553],[113.39735,-8.45505],[113.39872,-8.45652],[113.3989,-8.45788],[113.40055,-8.45738],[113.40167,-8.45965],[113.40246,-8.46001],[113.4022,-8.46192],[113.40353,-8.46272],[113.40292,-8.46599],[113.40338,-8.46703],[113.40413,-8.46724],[113.40464,-8.46645],[113.40604,-8.46561],[113.4064,-8.46582],[113.40588,-8.46945],[113.40381,-8.4703],[113.40428,-8.47201],[113.40697,-8.47076],[113.40884,-8.46858],[113.41,-8.46823],[113.40997,-8.46753],[113.41091,-8.46705],[113.41306,-8.46939],[113.41293,-8.47019],[113.41359,-8.47049],[113.41604,-8.47028],[113.41584,-8.4691],[113.41641,-8.46908],[113.41656,-8.46798],[113.42024,-8.46907],[113.42025,-8.47021],[113.41618,-8.47481],[113.41366,-8.47218],[113.41235,-8.47275],[113.41299,-8.47398],[113.41247,-8.47431],[113.4126,-8.47529],[113.41131,-8.47547],[113.41059,-8.47678],[113.41018,-8.47971],[113.41069,-8.4843],[113.41027,-8.48607],[113.40883,-8.48727],[113.4104,-8.49069],[113.40817,-8.49193],[113.4082,-8.49263],[113.40722,-8.49191],[113.4073,-8.49273],[113.40617,-8.49126],[113.40416,-8.49082],[113.40433,-8.48906],[113.40312,-8.48897],[113.40348,-8.49016],[113.40191,-8.48923],[113.40182,-8.48984],[113.40295,-8.49062],[113.4031,-8.49188],[113.40425,-8.49339],[113.4032,-8.49298],[113.40248,-8.49431],[113.40145,-8.49396],[113.40117,-8.49328],[113.40092,-8.49441],[113.40172,-8.49486],[113.40163,-8.49525],[113.39934,-8.49634],[113.39929,-8.49551],[113.39888,-8.49597],[113.3949,-8.49347],[113.39427,-8.49368],[113.39325,-8.49528],[113.39165,-8.49377],[113.39095,-8.49406],[113.39013,-8.49585],[113.38918,-8.49543],[113.38683,-8.49613],[113.38623,-8.49473],[113.38567,-8.49598],[113.3847,-8.49639],[113.38401,-8.4963],[113.38367,-8.49562],[113.38216,-8.49627],[113.38147,-8.49527],[113.38028,-8.49505],[113.38102,-8.49589],[113.381,-8.49659],[113.37906,-8.4971],[113.37737,-8.49696],[113.37585,-8.49858],[113.37554,-8.49613],[113.375,-8.49598],[113.37453,-8.49769],[113.3738,-8.49744],[113.37261,-8.49814],[113.37292,-8.49858],[113.37393,-8.49859],[113.37377,-8.49893],[113.3714,-8.4995],[113.37038,-8.49919],[113.36905,-8.50062],[113.3677,-8.49929],[113.36758,-8.49796],[113.36566,-8.49975],[113.36529,-8.49902],[113.36555,-8.50103],[113.36447,-8.50182],[113.36234,-8.49961],[113.36238,-8.4987],[113.36127,-8.49854],[113.36132,-8.49921],[113.35756,-8.50134],[113.35582,-8.50129],[113.35485,-8.50218],[113.35361,-8.50237],[113.35324,-8.50187],[113.3517,-8.50256],[113.35193,-8.50468],[113.35161,-8.50496],[113.35133,-8.50455],[113.35093,-8.50507],[113.34966,-8.50238],[113.34836,-8.5027],[113.34799,-8.50335],[113.34678,-8.50224],[113.34442,-8.50153],[113.34263,-8.50176],[113.34141,-8.50016],[113.33979,-8.50035],[113.33948,-8.50161],[113.33779,-8.50221],[113.33717,-8.50201],[113.33714,-8.50129],[113.33536,-8.50201],[113.33537,-8.501],[113.33502,-8.50094],[113.33455,-8.50173],[113.33218,-8.50253],[113.33179,-8.50327],[113.33088,-8.50356],[113.33047,-8.50224],[113.3289,-8.50355],[113.32832,-8.50342],[113.32722,-8.50181],[113.32732,-8.50372],[113.3263,-8.50349],[113.32572,-8.50263],[113.32436,-8.50267],[113.32148,-8.505],[113.31988,-8.50538],[113.31908,-8.50489],[113.318,-8.50591],[113.31767,-8.50558],[113.31628,-8.50657],[113.31525,-8.50603],[113.31544,-8.50557],[113.31435,-8.50534],[113.31341,-8.50687],[113.31319,-8.50643],[113.31164,-8.50664],[113.3119,-8.5086],[113.3102,-8.50927],[113.31087,-8.50785],[113.3101,-8.50679],[113.31045,-8.5059],[113.31207,-8.50495],[113.31148,-8.50355],[113.3118,-8.50248],[113.31449,-8.50101],[113.3142,-8.50053],[113.31329,-8.50042],[113.31259,-8.49926],[113.31283,-8.50001],[113.31225,-8.50107],[113.31045,-8.50113],[113.30947,-8.50194],[113.30996,-8.50384],[113.30826,-8.50584],[113.30713,-8.50906],[113.30561,-8.50832],[113.3056,-8.50744],[113.30342,-8.50839],[113.3032,-8.50745],[113.30274,-8.50771],[113.30277,-8.5066],[113.30436,-8.50667],[113.3044,-8.50492],[113.30295,-8.50381],[113.30269,-8.50465],[113.3019,-8.50408],[113.30125,-8.50482],[113.30099,-8.50311],[113.29956,-8.50245],[113.29801,-8.50318],[113.29827,-8.50372],[113.29771,-8.50322],[113.29698,-8.50371],[113.29756,-8.50528],[113.29598,-8.50783],[113.29535,-8.50758],[113.29418,-8.50804],[113.29414,-8.5071],[113.29468,-8.50738],[113.29517,-8.50704],[113.29528,-8.50521],[113.29308,-8.5054],[113.29328,-8.50455],[113.29201,-8.50404],[113.29114,-8.5042],[113.29014,-8.50576],[113.29014,-8.50383],[113.28925,-8.50424],[113.28987,-8.50324],[113.29046,-8.50354],[113.29054,-8.50225],[113.28921,-8.50166],[113.28831,-8.50209],[113.28855,-8.50274],[113.28801,-8.50299],[113.28775,-8.50192],[113.2883,-8.50183],[113.28833,-8.50136],[113.28785,-8.50079],[113.28645,-8.50236],[113.2862,-8.50184],[113.2871,-8.50082],[113.28709,-8.49925],[113.28664,-8.49882],[113.28592,-8.49929],[113.28544,-8.49833],[113.28248,-8.49798],[113.28158,-8.4986],[113.28215,-8.49991],[113.28153,-8.49938],[113.28128,-8.49999],[113.28063,-8.49992],[113.28001,-8.49872],[113.27947,-8.49889],[113.27914,-8.50037],[113.27863,-8.50016],[113.27851,-8.49868],[113.27714,-8.49828],[113.27697,-8.49777],[113.2766,-8.49808],[113.27641,-8.49722],[113.27565,-8.49736],[113.27553,-8.4968],[113.27454,-8.49682],[113.2745,-8.49728],[113.27322,-8.49695],[113.27268,-8.49761],[113.2725,-8.49699],[113.27155,-8.49777],[113.27133,-8.49704],[113.27049,-8.49715],[113.27054,-8.49555],[113.26962,-8.49638],[113.26974,-8.49729],[113.26899,-8.49689],[113.2685,-8.49523],[113.2695,-8.49422],[113.27007,-8.49089],[113.2705,-8.49089],[113.27059,-8.49016],[113.26849,-8.48922],[113.26537,-8.48946],[113.26454,-8.48875],[113.26447,-8.48713],[113.2633,-8.48659],[113.26523,-8.48359],[113.26493,-8.48106],[113.26585,-8.48082],[113.26697,-8.47937],[113.26833,-8.47235],[113.27004,-8.47004],[113.2696,-8.46854],[113.26863,-8.46806],[113.26889,-8.46756],[113.27091,-8.46685],[113.27351,-8.46432],[113.27504,-8.4637],[113.28211,-8.46378],[113.28463,-8.46335],[113.28785,-8.46148],[113.29094,-8.45794],[113.29107,-8.45599],[113.29254,-8.45331],[113.29298,-8.45105],[113.29429,-8.45108],[113.29373,-8.45054],[113.29422,-8.44979],[113.29336,-8.44753],[113.29075,-8.44742],[113.29122,-8.44572],[113.29478,-8.44448],[113.29713,-8.44447]]],[[[113.41396,-8.47435],[113.41518,-8.47435],[113.41591,-8.47496],[113.41558,-8.47499],[113.41396,-8.47435]]],[[[113.40461,-8.49349],[113.40489,-8.49397],[113.40425,-8.49352],[113.40461,-8.49349]]],[[[113.3331,-8.5043],[113.3335,-8.50409],[113.33327,-8.50449],[113.3331,-8.5043]]],[[[113.31472,-8.50747],[113.31496,-8.50785],[113.31456,-8.50837],[113.31438,-8.50792],[113.31472,-8.50747]]],[[[113.29864,-8.50673],[113.29845,-8.50496],[113.29857,-8.50482],[113.29924,-8.50562],[113.29864,-8.50673]]],[[[113.27882,-8.50202],[113.27849,-8.50162],[113.2781,-8.50233],[113.27762,-8.50219],[113.27787,-8.50106],[113.27828,-8.50125],[113.27841,-8.50088],[113.27882,-8.50202]]],[[[113.27425,-8.49836],[113.27438,-8.49864],[113.27427,-8.49873],[113.27425,-8.49836]]],[[[113.26958,-8.49153],[113.26905,-8.49401],[113.26824,-8.49428],[113.26735,-8.49188],[113.26893,-8.49204],[113.26927,-8.4909],[113.26958,-8.49153]]],[[[113.26777,-8.46926],[113.26834,-8.46882],[113.26799,-8.46932],[113.26777,-8.46926]]]]}},{"type":"Feature","properties":{"kode":"35.09.09","nama":"Bangsalsari","label":[-8.11799,113.56535]},"geometry":{"type":"Polygon","coordinates":[[[113.50007,-8.2537],[113.49793,-8.25707],[113.49011,-8.25619],[113.48971,-8.25714],[113.48868,-8.25783],[113.48629,-8.25785],[113.48601,-8.2568],[113.4855,-8.2571],[113.48495,-8.25608],[113.48692,-8.25496],[113.48838,-8.2549],[113.48947,-8.25398],[113.49044,-8.25208],[113.49198,-8.25276],[113.49362,-8.25271],[113.49406,-8.25219],[113.49496,-8.24841],[113.49417,-8.24782],[113.49393,-8.24676],[113.49539,-8.2457],[113.49535,-8.24483],[113.49454,-8.24455],[113.4958,-8.24236],[113.4958,-8.24018],[113.49726,-8.23677],[113.49852,-8.23548],[113.49942,-8.23578],[113.49945,-8.23384],[113.50049,-8.23341],[113.50068,-8.23148],[113.50373,-8.22959],[113.50411,-8.2283],[113.50621,-8.22662],[113.50801,-8.22303],[113.50964,-8.22104],[113.511,-8.22022],[113.5124,-8.21788],[113.50688,-8.21681],[113.49851,-8.21416],[113.49313,-8.21298],[113.48945,-8.21537],[113.48318,-8.21517],[113.48697,-8.20617],[113.48748,-8.20353],[113.48809,-8.20358],[113.49007,-8.20026],[113.49154,-8.19951],[113.49192,-8.19986],[113.49449,-8.19714],[113.49701,-8.19139],[113.49665,-8.19125],[113.49731,-8.18956],[113.49648,-8.18931],[113.49734,-8.1865],[113.49922,-8.18463],[113.49996,-8.18479],[113.50059,-8.18256],[113.50415,-8.17784],[113.5045,-8.17538],[113.50517,-8.17521],[113.50776,-8.17125],[113.51088,-8.16829],[113.51165,-8.1656],[113.51163,-8.163],[113.51434,-8.16011],[113.51597,-8.15432],[113.51855,-8.15014],[113.52281,-8.14755],[113.52368,-8.14621],[113.52545,-8.14482],[113.52563,-8.14375],[113.52662,-8.14303],[113.52931,-8.13859],[113.53219,-8.13672],[113.53298,-8.13671],[113.53618,-8.13349],[113.53796,-8.12969],[113.53834,-8.12677],[113.53642,-8.12633],[113.53699,-8.12421],[113.53651,-8.12282],[113.53686,-8.12102],[113.53963,-8.11825],[113.54151,-8.11773],[113.54211,-8.11652],[113.54213,-8.11512],[113.54364,-8.11325],[113.54396,-8.11149],[113.5447,-8.11176],[113.54511,-8.11142],[113.54577,-8.1076],[113.54736,-8.10555],[113.54875,-8.10489],[113.54963,-8.10236],[113.54924,-8.10021],[113.55031,-8.09839],[113.54941,-8.0962],[113.55017,-8.09472],[113.54996,-8.09204],[113.54858,-8.09028],[113.54914,-8.08895],[113.54906,-8.08554],[113.54837,-8.08295],[113.54899,-8.08053],[113.55019,-8.0786],[113.55046,-8.07438],[113.55014,-8.0702],[113.54934,-8.06738],[113.55081,-8.0569],[113.55391,-8.04809],[113.55307,-8.0465],[113.5528,-8.04245],[113.55364,-8.0394],[113.55787,-8.03048],[113.56006,-8.02931],[113.55782,-8.026],[113.55756,-8.02439],[113.55764,-8.02204],[113.55894,-8.01972],[113.5595,-8.0169],[113.55972,-8.01157],[113.5613,-8.00806],[113.56221,-8.00721],[113.56534,-8.00639],[113.56528,-8.0038],[113.566,-8.00236],[113.56698,-8.00101],[113.5682,-8.00045],[113.57082,-7.99659],[113.57092,-7.99479],[113.57002,-7.99271],[113.57053,-7.99037],[113.56937,-7.98838],[113.56956,-7.98647],[113.57132,-7.98126],[113.57331,-7.98008],[113.57731,-7.98065],[113.57874,-7.98375],[113.58028,-7.98443],[113.58252,-7.98446],[113.58444,-7.98275],[113.58774,-7.98263],[113.59079,-7.98328],[113.59115,-7.98274],[113.59068,-7.97905],[113.59143,-7.97625],[113.59333,-7.97712],[113.59369,-7.97604],[113.59527,-7.97603],[113.59969,-7.97901],[113.60098,-7.97751],[113.60164,-7.97748],[113.60268,-7.97879],[113.60307,-7.9804],[113.6038,-7.98747],[113.60114,-7.98972],[113.59918,-7.9925],[113.59587,-7.99452],[113.59528,-7.9964],[113.59412,-7.99724],[113.59317,-7.99877],[113.59039,-7.99905],[113.58806,-8.00117],[113.58758,-8.00368],[113.58855,-8.00444],[113.58775,-8.00511],[113.58842,-8.00579],[113.58849,-8.00692],[113.58827,-8.00895],[113.58712,-8.00935],[113.58715,-8.01143],[113.58588,-8.01174],[113.58556,-8.01344],[113.58221,-8.0167],[113.58167,-8.01868],[113.57952,-8.01982],[113.579,-8.02216],[113.57766,-8.02286],[113.57671,-8.02241],[113.57672,-8.02364],[113.57542,-8.02354],[113.57458,-8.02545],[113.57362,-8.02553],[113.57287,-8.027],[113.573,-8.02869],[113.57262,-8.02924],[113.57341,-8.032],[113.57291,-8.03354],[113.57329,-8.03485],[113.57545,-8.03874],[113.57699,-8.04044],[113.57766,-8.04222],[113.57967,-8.04261],[113.57836,-8.04709],[113.57655,-8.05065],[113.57648,-8.0539],[113.57552,-8.05441],[113.57637,-8.05543],[113.57592,-8.05598],[113.576,-8.05693],[113.57363,-8.0583],[113.57411,-8.05918],[113.57585,-8.06006],[113.57616,-8.06229],[113.57708,-8.063],[113.57762,-8.06504],[113.5773,-8.06627],[113.57828,-8.06759],[113.57854,-8.06912],[113.57781,-8.07054],[113.57811,-8.07233],[113.57707,-8.07393],[113.57722,-8.07498],[113.57623,-8.07544],[113.57572,-8.07755],[113.57374,-8.07804],[113.57183,-8.0806],[113.57204,-8.0813],[113.57011,-8.08187],[113.57037,-8.0832],[113.56901,-8.08501],[113.57044,-8.08515],[113.56971,-8.08602],[113.57009,-8.08951],[113.5705,-8.0898],[113.57002,-8.09047],[113.57111,-8.09095],[113.57116,-8.09249],[113.57204,-8.09301],[113.57217,-8.09461],[113.57289,-8.09485],[113.57268,-8.09638],[113.57355,-8.09708],[113.57378,-8.09801],[113.57419,-8.09829],[113.57532,-8.0979],[113.57565,-8.09927],[113.57731,-8.09949],[113.57783,-8.10052],[113.57962,-8.1019],[113.58002,-8.10384],[113.58452,-8.10672],[113.58469,-8.108],[113.58684,-8.10976],[113.58718,-8.11184],[113.58941,-8.11539],[113.59031,-8.11863],[113.59045,-8.11996],[113.58981,-8.1215],[113.59059,-8.12486],[113.59254,-8.1285],[113.59232,-8.1304],[113.59168,-8.13148],[113.59353,-8.13595],[113.59275,-8.13847],[113.59367,-8.1414],[113.5954,-8.14187],[113.59598,-8.14266],[113.59575,-8.1477],[113.59383,-8.14915],[113.594,-8.1501],[113.59295,-8.15118],[113.59297,-8.15286],[113.59377,-8.15368],[113.59289,-8.1543],[113.5932,-8.15477],[113.59256,-8.15538],[113.5936,-8.15636],[113.59225,-8.15783],[113.59255,-8.15954],[113.5906,-8.16225],[113.59154,-8.16284],[113.59166,-8.16343],[113.59073,-8.1646],[113.58923,-8.16543],[113.58938,-8.16615],[113.58863,-8.16683],[113.58901,-8.16824],[113.58959,-8.16868],[113.5893,-8.16987],[113.5899,-8.17042],[113.58962,-8.17108],[113.59003,-8.17132],[113.59079,-8.1745],[113.59188,-8.17434],[113.5938,-8.17678],[113.5932,-8.1776],[113.59329,-8.17826],[113.59471,-8.17965],[113.59548,-8.1814],[113.59425,-8.18285],[113.59413,-8.18441],[113.59266,-8.18776],[113.5924,-8.18949],[113.59371,-8.19101],[113.59196,-8.1953],[113.58842,-8.19806],[113.58735,-8.2018],[113.58684,-8.20232],[113.58726,-8.20282],[113.58667,-8.20364],[113.58683,-8.20449],[113.58581,-8.20532],[113.58481,-8.20546],[113.58465,-8.2065],[113.58619,-8.20818],[113.58527,-8.21073],[113.58628,-8.21202],[113.58641,-8.21312],[113.58597,-8.21422],[113.58391,-8.21572],[113.58247,-8.21803],[113.58182,-8.21831],[113.58185,-8.21905],[113.58087,-8.22055],[113.57727,-8.21937],[113.57486,-8.22349],[113.57474,-8.22533],[113.57405,-8.22683],[113.575,-8.22748],[113.57463,-8.2279],[113.57606,-8.22942],[113.57322,-8.23182],[113.56907,-8.23187],[113.56812,-8.23132],[113.56758,-8.23252],[113.56618,-8.2317],[113.56559,-8.2325],[113.56179,-8.23096],[113.56039,-8.22888],[113.55865,-8.22814],[113.55821,-8.22727],[113.55637,-8.22721],[113.55603,-8.22677],[113.55481,-8.22718],[113.55372,-8.22618],[113.55252,-8.22728],[113.55041,-8.22784],[113.55016,-8.22865],[113.54847,-8.22995],[113.54696,-8.23041],[113.54623,-8.23175],[113.54301,-8.23508],[113.54171,-8.23497],[113.54048,-8.23689],[113.53875,-8.23734],[113.53595,-8.24077],[113.53327,-8.24065],[113.5323,-8.24141],[113.52928,-8.24098],[113.52607,-8.24455],[113.52632,-8.243],[113.52528,-8.24295],[113.5254,-8.2419],[113.52327,-8.24251],[113.52314,-8.24464],[113.52152,-8.24686],[113.51969,-8.2488],[113.51545,-8.25185],[113.51369,-8.25445],[113.51409,-8.25585],[113.51352,-8.25578],[113.51274,-8.25815],[113.51199,-8.25827],[113.51136,-8.25921],[113.51015,-8.25912],[113.50975,-8.26031],[113.50899,-8.25985],[113.50805,-8.25972],[113.50776,-8.2602],[113.50747,-8.25987],[113.50587,-8.2577],[113.50609,-8.25657],[113.50546,-8.25521],[113.50168,-8.25347],[113.50007,-8.2537]]]}},{"type":"Feature","properties":{"kode":"35.09.10","nama":"Balung","label":[-8.27395,113.5196]},"geometry":{"type":"Polygon","coordinates":[[[113.53335,-8.3022],[113.53128,-8.30891],[113.52937,-8.31254],[113.5261,-8.31581],[113.52446,-8.31526],[113.52324,-8.31552],[113.52138,-8.32045],[113.5176,-8.31901],[113.50781,-8.31301],[113.5069,-8.31231],[113.50949,-8.30742],[113.50994,-8.30454],[113.51183,-8.29978],[113.51305,-8.29851],[113.51335,-8.29738],[113.51052,-8.29353],[113.51084,-8.29323],[113.51055,-8.2928],[113.50951,-8.29207],[113.50696,-8.28826],[113.50772,-8.28783],[113.50573,-8.2869],[113.50538,-8.28749],[113.50283,-8.28667],[113.50273,-8.28734],[113.49609,-8.28435],[113.49585,-8.285],[113.49256,-8.2839],[113.49293,-8.28243],[113.49071,-8.2822],[113.49038,-8.28035],[113.49102,-8.27939],[113.4885,-8.27856],[113.48696,-8.27698],[113.48744,-8.27618],[113.48477,-8.27533],[113.48127,-8.27241],[113.48143,-8.2705],[113.4807,-8.27003],[113.48131,-8.26698],[113.48003,-8.26556],[113.47695,-8.26452],[113.47779,-8.26297],[113.47995,-8.26321],[113.48014,-8.26185],[113.4805,-8.26192],[113.48101,-8.2605],[113.48168,-8.26077],[113.48263,-8.25907],[113.48394,-8.25916],[113.48409,-8.25747],[113.48601,-8.2568],[113.48629,-8.25785],[113.48868,-8.25783],[113.48971,-8.25714],[113.49011,-8.25619],[113.49793,-8.25707],[113.4997,-8.25401],[113.50061,-8.25358],[113.50168,-8.25347],[113.50546,-8.25521],[113.50609,-8.25657],[113.50587,-8.2577],[113.50747,-8.25987],[113.50776,-8.2602],[113.50805,-8.25972],[113.50899,-8.25985],[113.50975,-8.26031],[113.51015,-8.25912],[113.51136,-8.25921],[113.51199,-8.25827],[113.51274,-8.25815],[113.51352,-8.25578],[113.51409,-8.25585],[113.51369,-8.25445],[113.51545,-8.25185],[113.51969,-8.2488],[113.52152,-8.24686],[113.52314,-8.24464],[113.52327,-8.24251],[113.5254,-8.2419],[113.52528,-8.24295],[113.52632,-8.243],[113.52607,-8.24455],[113.52928,-8.24098],[113.5323,-8.24141],[113.53327,-8.24065],[113.53595,-8.24077],[113.53875,-8.23734],[113.54048,-8.23689],[113.54171,-8.23497],[113.54301,-8.23508],[113.54623,-8.23175],[113.54696,-8.23041],[113.54857,-8.22989],[113.55016,-8.22865],[113.55041,-8.22784],[113.55252,-8.22728],[113.55372,-8.22618],[113.55481,-8.22718],[113.55603,-8.22677],[113.55697,-8.22734],[113.55794,-8.22717],[113.55865,-8.22814],[113.56039,-8.22888],[113.56179,-8.23096],[113.56559,-8.2325],[113.56618,-8.2317],[113.56765,-8.23256],[113.56608,-8.23445],[113.56399,-8.23564],[113.56297,-8.23571],[113.56054,-8.23895],[113.56229,-8.24055],[113.56199,-8.24118],[113.56455,-8.24218],[113.56368,-8.2432],[113.56348,-8.24481],[113.56441,-8.24701],[113.56575,-8.24816],[113.56533,-8.2489],[113.56619,-8.24955],[113.56626,-8.25057],[113.56713,-8.25163],[113.56903,-8.25628],[113.5679,-8.25704],[113.56441,-8.26156],[113.56165,-8.26258],[113.56013,-8.2621],[113.55927,-8.26245],[113.55958,-8.26328],[113.55931,-8.26785],[113.56056,-8.26871],[113.55947,-8.27092],[113.55694,-8.27257],[113.55266,-8.27942],[113.55144,-8.28378],[113.55078,-8.28907],[113.54878,-8.28872],[113.54843,-8.29449],[113.5477,-8.29786],[113.54616,-8.29883],[113.53986,-8.30039],[113.53976,-8.3019],[113.53875,-8.30234],[113.53562,-8.30312],[113.53612,-8.3014],[113.53335,-8.3022]]]}},{"type":"Feature","properties":{"kode":"35.09.11","nama":"Wuluhan","label":[-8.35124,113.54236]},"geometry":{"type":"MultiPolygon","coordinates":[[[[113.54839,-8.38123],[113.54639,-8.38574],[113.54538,-8.38974],[113.54884,-8.38537],[113.54968,-8.3883],[113.54839,-8.39111],[113.54908,-8.39236],[113.55238,-8.39244],[113.55915,-8.39482],[113.56418,-8.39383],[113.56555,-8.39397],[113.5669,-8.39499],[113.56987,-8.39595],[113.57203,-8.39932],[113.57549,-8.4002],[113.57692,-8.39949],[113.57885,-8.40226],[113.58075,-8.40377],[113.58161,-8.40324],[113.58169,-8.40396],[113.58262,-8.40403],[113.58243,-8.40514],[113.57874,-8.40657],[113.5767,-8.40842],[113.57321,-8.41017],[113.57189,-8.41263],[113.57108,-8.4171],[113.56844,-8.418],[113.56411,-8.41808],[113.56228,-8.41864],[113.56013,-8.41834],[113.55946,-8.42079],[113.5594,-8.42334],[113.56035,-8.42386],[113.56067,-8.4261],[113.56034,-8.42653],[113.55926,-8.42623],[113.55872,-8.42667],[113.55747,-8.42664],[113.555,-8.42922],[113.55372,-8.42976],[113.55327,-8.43137],[113.55355,-8.43583],[113.55323,-8.43622],[113.54987,-8.43288],[113.54946,-8.43017],[113.54762,-8.43],[113.54506,-8.429],[113.54483,-8.42952],[113.54429,-8.42917],[113.54351,-8.42961],[113.54109,-8.42956],[113.54038,-8.42878],[113.5391,-8.42956],[113.53766,-8.42912],[113.53747,-8.42952],[113.53632,-8.42921],[113.53475,-8.42976],[113.53376,-8.42878],[113.53198,-8.4284],[113.53179,-8.42759],[113.52979,-8.42695],[113.52913,-8.42925],[113.52676,-8.4297],[113.52391,-8.42833],[113.5231,-8.42886],[113.52194,-8.42843],[113.52183,-8.42711],[113.52078,-8.42651],[113.5202,-8.42543],[113.51994,-8.4259],[113.5191,-8.42589],[113.51722,-8.42451],[113.51601,-8.42531],[113.51473,-8.42509],[113.51421,-8.4241],[113.51347,-8.42383],[113.51214,-8.42137],[113.51021,-8.42197],[113.50862,-8.41998],[113.50783,-8.42042],[113.5079,-8.4213],[113.50737,-8.4219],[113.50776,-8.42236],[113.50484,-8.42297],[113.50478,-8.42145],[113.50539,-8.41997],[113.50503,-8.41928],[113.50304,-8.41813],[113.50222,-8.41836],[113.50135,-8.41738],[113.49877,-8.41724],[113.4981,-8.41439],[113.4965,-8.4143],[113.49482,-8.41279],[113.48967,-8.41403],[113.48808,-8.41474],[113.4883,-8.41542],[113.48582,-8.41565],[113.48456,-8.41406],[113.48275,-8.41379],[113.48042,-8.41106],[113.47989,-8.4092],[113.48022,-8.40713],[113.47954,-8.40577],[113.47898,-8.40568],[113.47929,-8.40468],[113.47852,-8.40448],[113.47842,-8.40397],[113.48007,-8.40311],[113.47971,-8.40157],[113.47828,-8.39981],[113.47564,-8.39873],[113.4753,-8.39808],[113.47638,-8.39658],[113.47551,-8.39434],[113.47535,-8.38961],[113.47631,-8.38734],[113.47751,-8.38739],[113.47784,-8.38629],[113.47731,-8.38443],[113.47392,-8.38224],[113.47389,-8.38099],[113.47588,-8.37909],[113.48324,-8.37668],[113.48346,-8.37518],[113.48159,-8.3728],[113.48156,-8.37196],[113.48255,-8.3704],[113.48692,-8.37192],[113.48795,-8.37138],[113.48974,-8.36705],[113.48934,-8.364],[113.49187,-8.36196],[113.49304,-8.35958],[113.49307,-8.35845],[113.49473,-8.35749],[113.49449,-8.35654],[113.49274,-8.35577],[113.49358,-8.34883],[113.49689,-8.34658],[113.49853,-8.34182],[113.49822,-8.33824],[113.49906,-8.33532],[113.50183,-8.33463],[113.50362,-8.33147],[113.50568,-8.33129],[113.50698,-8.33059],[113.50796,-8.32958],[113.50859,-8.32799],[113.51054,-8.32731],[113.51131,-8.32596],[113.51317,-8.32587],[113.51545,-8.32455],[113.51809,-8.32481],[113.5189,-8.32305],[113.52178,-8.32005],[113.52306,-8.31571],[113.52446,-8.31526],[113.5261,-8.31581],[113.52937,-8.31254],[113.53128,-8.30891],[113.53335,-8.3022],[113.53612,-8.3014],[113.53562,-8.30312],[113.53703,-8.30291],[113.53976,-8.3019],[113.53986,-8.30039],[113.54616,-8.29883],[113.5477,-8.29786],[113.54843,-8.29449],[113.54878,-8.28872],[113.55078,-8.28907],[113.55144,-8.28378],[113.55266,-8.27942],[113.55694,-8.27257],[113.55947,-8.27093],[113.55995,-8.27002],[113.56844,-8.27499],[113.57983,-8.28277],[113.58128,-8.28251],[113.58456,-8.28407],[113.58602,-8.28353],[113.58828,-8.28435],[113.58791,-8.28572],[113.58069,-8.29381],[113.57898,-8.29774],[113.5799,-8.29845],[113.57954,-8.30147],[113.58523,-8.30433],[113.58586,-8.30671],[113.59495,-8.30577],[113.59983,-8.30799],[113.60034,-8.30864],[113.59948,-8.30999],[113.60166,-8.3114],[113.60248,-8.31264],[113.60441,-8.31756],[113.60781,-8.3193],[113.60921,-8.32123],[113.6091,-8.32185],[113.60603,-8.32276],[113.60576,-8.32401],[113.60395,-8.32571],[113.60301,-8.32554],[113.60247,-8.32647],[113.59832,-8.32792],[113.5976,-8.33073],[113.59478,-8.32979],[113.59495,-8.33294],[113.59489,-8.33392],[113.59429,-8.33395],[113.5944,-8.33808],[113.59431,-8.33842],[113.59295,-8.33826],[113.59223,-8.34085],[113.59198,-8.34383],[113.5927,-8.3439],[113.59154,-8.34924],[113.59132,-8.35325],[113.59091,-8.35329],[113.59074,-8.35419],[113.59073,-8.35609],[113.59355,-8.35767],[113.59164,-8.36865],[113.58769,-8.36903],[113.5871,-8.36918],[113.58709,-8.36961],[113.58308,-8.3695],[113.58097,-8.36994],[113.58067,-8.37064],[113.57635,-8.37001],[113.57642,-8.36929],[113.5751,-8.36906],[113.56929,-8.37089],[113.55999,-8.37138],[113.55975,-8.37274],[113.56085,-8.3767],[113.56047,-8.37738],[113.56098,-8.37749],[113.56107,-8.37814],[113.55849,-8.37889],[113.55698,-8.37999],[113.55277,-8.38167],[113.55138,-8.3819],[113.54839,-8.38123]],[[113.59059,-8.30777],[113.58941,-8.30865],[113.58522,-8.30947],[113.58511,-8.31112],[113.59409,-8.30981],[113.59421,-8.30804],[113.59059,-8.30777]]],[[[113.55414,-8.43623],[113.55399,-8.43594],[113.55426,-8.43605],[113.55414,-8.43623]]],[[[113.55219,-8.437],[113.55256,-8.43729],[113.55203,-8.43728],[113.55219,-8.437]]],[[[113.55076,-8.43783],[113.5514,-8.43824],[113.55047,-8.43819],[113.55076,-8.43783]]],[[[113.54999,-8.4384],[113.54969,-8.43871],[113.5494,-8.4386],[113.54999,-8.4384]]],[[[113.54934,-8.4397],[113.54918,-8.43956],[113.54937,-8.43965],[113.54934,-8.4397]]],[[[113.54901,-8.43962],[113.54886,-8.43949],[113.54886,-8.43941],[113.54901,-8.43962]]],[[[113.5472,-8.43263],[113.54733,-8.43236],[113.54786,-8.43258],[113.5472,-8.43263]]],[[[113.54728,-8.43347],[113.54778,-8.43352],[113.5478,-8.43389],[113.54745,-8.43391],[113.54728,-8.43347]]],[[[113.53927,-8.43215],[113.53979,-8.4318],[113.54007,-8.43242],[113.53971,-8.4325],[113.53927,-8.43215]]],[[[113.5363,-8.43148],[113.53731,-8.43271],[113.53684,-8.43314],[113.53698,-8.4337],[113.53587,-8.43298],[113.5364,-8.43249],[113.53571,-8.43169],[113.5363,-8.43148]]],[[[113.53593,-8.43052],[113.53552,-8.43069],[113.53477,-8.43055],[113.5352,-8.43021],[113.53593,-8.43052]]],[[[113.53517,-8.43223],[113.53585,-8.4324],[113.53521,-8.43266],[113.53517,-8.43223]]],[[[113.52964,-8.42844],[113.53007,-8.429],[113.53008,-8.42969],[113.52959,-8.42955],[113.52964,-8.42844]]],[[[113.52709,-8.4302],[113.52784,-8.43003],[113.5279,-8.43037],[113.52751,-8.43057],[113.52709,-8.4302]]],[[[113.51616,-8.42593],[113.51645,-8.42569],[113.51653,-8.42581],[113.51616,-8.42593]]],[[[113.50374,-8.42392],[113.50421,-8.42375],[113.50423,-8.42381],[113.50374,-8.42392]]],[[[113.4804,-8.41431],[113.4805,-8.41393],[113.48064,-8.41407],[113.4804,-8.41431]]],[[[113.47802,-8.41004],[113.47846,-8.40969],[113.479,-8.40993],[113.47869,-8.4104],[113.47802,-8.41004]]],[[[113.47445,-8.39788],[113.47475,-8.39742],[113.47483,-8.39762],[113.47445,-8.39788]]],[[[113.47452,-8.39602],[113.47477,-8.39624],[113.47466,-8.39641],[113.47452,-8.39602]]]]}},{"type":"Feature","properties":{"kode":"35.09.12","nama":"Ambulu","label":[-8.37944,113.61274]},"geometry":{"type":"MultiPolygon","coordinates":[[[[113.58607,-8.44091],[113.58673,-8.44161],[113.58685,-8.44285],[113.58336,-8.44421],[113.58265,-8.44402],[113.58216,-8.44238],[113.58287,-8.44136],[113.58389,-8.44096],[113.58392,-8.44049],[113.58149,-8.43799],[113.57971,-8.43804],[113.57998,-8.4372],[113.58141,-8.43655],[113.58202,-8.43339],[113.58095,-8.43147],[113.57918,-8.42973],[113.57462,-8.4271],[113.57083,-8.42562],[113.56559,-8.42468],[113.56067,-8.42514],[113.56032,-8.4238],[113.5594,-8.42334],[113.55946,-8.42079],[113.56013,-8.41834],[113.56228,-8.41864],[113.56411,-8.41808],[113.56844,-8.418],[113.57108,-8.4171],[113.57189,-8.41263],[113.57321,-8.41017],[113.5767,-8.40842],[113.57874,-8.40657],[113.58243,-8.40514],[113.58262,-8.40403],[113.58169,-8.40396],[113.58161,-8.40324],[113.58075,-8.40377],[113.57885,-8.40226],[113.57692,-8.39949],[113.57549,-8.4002],[113.57203,-8.39932],[113.56987,-8.39595],[113.5669,-8.39499],[113.56555,-8.39397],[113.56418,-8.39383],[113.55915,-8.39482],[113.55238,-8.39244],[113.54944,-8.39259],[113.54839,-8.39111],[113.54968,-8.3883],[113.54884,-8.38537],[113.54659,-8.38837],[113.54567,-8.38889],[113.54565,-8.38976],[113.54541,-8.38874],[113.54839,-8.38123],[113.55138,-8.3819],[113.55277,-8.38167],[113.55698,-8.37999],[113.55849,-8.37889],[113.56107,-8.37814],[113.56098,-8.37749],[113.56047,-8.37738],[113.56085,-8.3767],[113.55975,-8.37274],[113.55999,-8.37138],[113.56929,-8.37089],[113.5751,-8.36906],[113.57642,-8.36929],[113.57635,-8.37001],[113.58067,-8.37064],[113.58097,-8.36994],[113.58308,-8.3695],[113.58709,-8.36961],[113.5871,-8.36918],[113.58769,-8.36903],[113.59164,-8.36865],[113.59355,-8.35767],[113.59073,-8.35609],[113.59074,-8.35419],[113.59091,-8.35329],[113.59132,-8.35325],[113.59154,-8.34924],[113.5927,-8.3439],[113.59198,-8.34383],[113.59223,-8.34085],[113.59295,-8.33826],[113.59431,-8.33842],[113.5944,-8.33808],[113.59429,-8.33395],[113.59489,-8.33392],[113.59495,-8.33294],[113.59478,-8.32979],[113.5976,-8.33073],[113.59832,-8.32792],[113.60247,-8.32647],[113.60301,-8.32554],[113.60395,-8.32571],[113.60576,-8.32401],[113.60603,-8.32276],[113.6091,-8.32185],[113.60921,-8.32123],[113.60781,-8.3193],[113.60441,-8.31756],[113.60248,-8.31264],[113.60166,-8.3114],[113.59948,-8.30999],[113.60034,-8.30864],[113.5997,-8.30827],[113.60246,-8.30719],[113.6061,-8.30693],[113.60988,-8.30737],[113.61544,-8.31025],[113.62208,-8.31227],[113.62148,-8.31704],[113.62259,-8.3174],[113.62257,-8.31798],[113.62603,-8.31886],[113.62571,-8.31965],[113.62824,-8.32049],[113.62744,-8.32502],[113.63132,-8.32597],[113.63453,-8.32825],[113.63973,-8.33487],[113.64074,-8.33538],[113.64125,-8.33556],[113.64048,-8.33391],[113.64274,-8.33282],[113.64405,-8.33146],[113.65695,-8.33255],[113.66059,-8.33198],[113.66355,-8.33299],[113.66219,-8.34305],[113.65562,-8.34279],[113.65516,-8.34999],[113.65305,-8.36192],[113.64471,-8.36071],[113.64381,-8.36515],[113.66431,-8.36778],[113.66539,-8.37069],[113.66878,-8.37306],[113.66983,-8.37435],[113.67023,-8.37664],[113.66668,-8.38063],[113.65774,-8.38081],[113.65503,-8.38258],[113.65276,-8.38265],[113.65048,-8.38445],[113.64537,-8.38678],[113.63933,-8.39073],[113.63877,-8.39156],[113.63647,-8.39237],[113.63069,-8.39755],[113.62741,-8.4014],[113.62775,-8.40225],[113.63181,-8.40563],[113.63182,-8.4125],[113.63448,-8.42088],[113.63625,-8.42991],[113.6392,-8.43172],[113.64045,-8.43314],[113.63994,-8.43428],[113.64033,-8.4364],[113.63971,-8.43665],[113.63933,-8.43804],[113.64142,-8.44116],[113.63983,-8.44649],[113.6372,-8.4451],[113.63432,-8.44745],[113.63325,-8.44697],[113.63137,-8.44706],[113.63024,-8.44831],[113.6302,-8.44974],[113.62769,-8.45103],[113.62584,-8.44755],[113.6199,-8.44355],[113.61102,-8.4393],[113.60642,-8.43821],[113.60243,-8.43619],[113.5991,-8.43541],[113.59595,-8.43542],[113.59282,-8.43631],[113.59041,-8.43823],[113.58933,-8.44042],[113.58772,-8.43997],[113.58625,-8.44046],[113.58607,-8.44091]]],[[[113.60457,-8.44371],[113.60369,-8.44341],[113.6051,-8.44295],[113.60457,-8.44371]]],[[[113.59409,-8.30981],[113.58681,-8.31108],[113.58511,-8.31112],[113.58522,-8.30947],[113.58941,-8.30865],[113.59026,-8.30775],[113.59421,-8.30804],[113.59409,-8.30981]]],[[[113.59283,-8.44244],[113.5923,-8.44256],[113.59212,-8.44226],[113.59283,-8.44244]]],[[[113.59197,-8.4425],[113.59052,-8.4431],[113.59004,-8.44278],[113.59197,-8.4425]]],[[[113.59062,-8.44128],[113.59029,-8.44181],[113.58977,-8.442],[113.58981,-8.44167],[113.59062,-8.44128]]],[[[113.58956,-8.4436],[113.58967,-8.44309],[113.59024,-8.44348],[113.58996,-8.44371],[113.58956,-8.4436]]],[[[113.58908,-8.44286],[113.58951,-8.44268],[113.58961,-8.44312],[113.5894,-8.44315],[113.58908,-8.44286]]],[[[113.583,-8.4449],[113.58262,-8.44453],[113.58336,-8.44453],[113.583,-8.4449]]],[[[113.57966,-8.4404],[113.58021,-8.44168],[113.57843,-8.44192],[113.5781,-8.44129],[113.57838,-8.44078],[113.57966,-8.4404]]],[[[113.58005,-8.44432],[113.58004,-8.44465],[113.57954,-8.44464],[113.57954,-8.44453],[113.58005,-8.44432]]],[[[113.55891,-8.43554],[113.55805,-8.43583],[113.55771,-8.43577],[113.55847,-8.43514],[113.55891,-8.43554]]],[[[113.55704,-8.4346],[113.55616,-8.43508],[113.55588,-8.43469],[113.55704,-8.4346]]],[[[113.55603,-8.43625],[113.55603,-8.43592],[113.55623,-8.43598],[113.55603,-8.43625]]],[[[113.55524,-8.43693],[113.55461,-8.4367],[113.55483,-8.4364],[113.55524,-8.43693]]]]}},{"type":"Feature","properties":{"kode":"35.09.13","nama":"Rambipuji","label":[-8.23026,113.59818]},"geometry":{"type":"Polygon","coordinates":[[[113.59536,-8.25204],[113.59487,-8.25883],[113.60634,-8.25934],[113.60648,-8.25982],[113.61337,-8.25988],[113.6126,-8.2632],[113.61276,-8.26457],[113.60929,-8.26464],[113.60737,-8.26629],[113.60415,-8.27707],[113.60288,-8.27707],[113.60298,-8.27973],[113.60225,-8.27979],[113.60091,-8.28271],[113.59991,-8.28367],[113.60012,-8.28412],[113.59798,-8.28566],[113.59473,-8.28594],[113.5934,-8.28523],[113.59219,-8.28567],[113.58695,-8.28361],[113.58456,-8.28407],[113.58144,-8.28256],[113.57996,-8.28245],[113.57983,-8.28277],[113.56844,-8.27499],[113.55995,-8.27002],[113.56056,-8.26871],[113.55931,-8.26785],[113.55958,-8.26328],[113.55927,-8.26245],[113.56013,-8.2621],[113.56165,-8.26258],[113.56441,-8.26156],[113.5679,-8.25704],[113.56903,-8.25628],[113.56713,-8.25163],[113.56626,-8.25057],[113.56619,-8.24955],[113.56533,-8.2489],[113.56575,-8.24816],[113.56441,-8.24701],[113.56348,-8.24481],[113.56368,-8.2432],[113.56455,-8.24218],[113.56199,-8.24118],[113.56229,-8.24055],[113.56054,-8.23895],[113.56297,-8.23571],[113.56399,-8.23564],[113.56632,-8.23426],[113.56806,-8.23136],[113.56907,-8.23187],[113.57285,-8.23199],[113.57606,-8.22942],[113.57463,-8.2279],[113.575,-8.22748],[113.57405,-8.22683],[113.57559,-8.22192],[113.57727,-8.21937],[113.58087,-8.22055],[113.58185,-8.21905],[113.58182,-8.21831],[113.58247,-8.21803],[113.58391,-8.21572],[113.58597,-8.21422],[113.58634,-8.21216],[113.58561,-8.21152],[113.58526,-8.21034],[113.58619,-8.20818],[113.58468,-8.20656],[113.58477,-8.2056],[113.58683,-8.20449],[113.58667,-8.20364],[113.58726,-8.20282],[113.58684,-8.20232],[113.58735,-8.2018],[113.58842,-8.19806],[113.59196,-8.1953],[113.59358,-8.19155],[113.59366,-8.19078],[113.5924,-8.18949],[113.59266,-8.18776],[113.59413,-8.18441],[113.59425,-8.18285],[113.59548,-8.18127],[113.59471,-8.17965],[113.59329,-8.17826],[113.5932,-8.1776],[113.5938,-8.17678],[113.59236,-8.17525],[113.59502,-8.17494],[113.59787,-8.17507],[113.59886,-8.17677],[113.60081,-8.17756],[113.60751,-8.17661],[113.60762,-8.17817],[113.61016,-8.17787],[113.61048,-8.17843],[113.61215,-8.17866],[113.61209,-8.18099],[113.61474,-8.18111],[113.61487,-8.1831],[113.61554,-8.18415],[113.62159,-8.18456],[113.62306,-8.18571],[113.62534,-8.18637],[113.63318,-8.18607],[113.63282,-8.18785],[113.63134,-8.1908],[113.63129,-8.19233],[113.63221,-8.19276],[113.63161,-8.19915],[113.62742,-8.2026],[113.6272,-8.20461],[113.62744,-8.20532],[113.62955,-8.20551],[113.62991,-8.207],[113.63043,-8.20708],[113.63016,-8.20796],[113.63152,-8.20825],[113.6311,-8.21013],[113.63224,-8.21077],[113.63441,-8.21422],[113.63245,-8.21999],[113.63077,-8.22108],[113.62752,-8.22033],[113.62671,-8.22062],[113.62658,-8.21985],[113.62519,-8.21935],[113.62317,-8.22037],[113.62244,-8.22349],[113.62205,-8.22853],[113.62102,-8.23111],[113.6225,-8.23667],[113.62232,-8.23803],[113.62086,-8.23808],[113.62069,-8.23857],[113.62073,-8.246],[113.59885,-8.2529],[113.59536,-8.25204]]]}},{"type":"Feature","properties":{"kode":"35.09.14","nama":"Panti","label":[-8.0765,113.61849]},"geometry":{"type":"Polygon","coordinates":[[[113.63333,-8.17646],[113.63358,-8.17768],[113.63284,-8.17859],[113.63309,-8.17964],[113.63462,-8.1799],[113.63429,-8.18343],[113.63339,-8.18582],[113.62975,-8.186],[113.62971,-8.1864],[113.62841,-8.18609],[113.62534,-8.18637],[113.62306,-8.18571],[113.62159,-8.18456],[113.61554,-8.18415],[113.61487,-8.1831],[113.61474,-8.18111],[113.61209,-8.18099],[113.61215,-8.17866],[113.61048,-8.17843],[113.61016,-8.17787],[113.60762,-8.17817],[113.60751,-8.17661],[113.60081,-8.17756],[113.59886,-8.17677],[113.59787,-8.17507],[113.5925,-8.17527],[113.5918,-8.17429],[113.59146,-8.17468],[113.59079,-8.1745],[113.59003,-8.17132],[113.58962,-8.17108],[113.5899,-8.17042],[113.5893,-8.16987],[113.58959,-8.16868],[113.58901,-8.16824],[113.58863,-8.16683],[113.58938,-8.16615],[113.58923,-8.16543],[113.59073,-8.1646],[113.59166,-8.16343],[113.59154,-8.16284],[113.59063,-8.1624],[113.59076,-8.16163],[113.59238,-8.15987],[113.59225,-8.15783],[113.5936,-8.15636],[113.59256,-8.15538],[113.5932,-8.15477],[113.59289,-8.1543],[113.59377,-8.15368],[113.59297,-8.15286],[113.59295,-8.15118],[113.594,-8.1501],[113.59383,-8.14915],[113.59551,-8.14823],[113.59603,-8.14491],[113.59566,-8.14389],[113.59598,-8.14266],[113.5954,-8.14187],[113.59367,-8.1414],[113.59275,-8.13847],[113.59353,-8.13595],[113.59168,-8.13148],[113.59232,-8.1304],[113.59254,-8.1285],[113.59082,-8.12559],[113.58981,-8.1215],[113.59045,-8.11996],[113.59031,-8.11863],[113.58941,-8.11539],[113.58718,-8.11184],[113.58684,-8.10976],[113.58469,-8.108],[113.58452,-8.10672],[113.58002,-8.10384],[113.57986,-8.1024],[113.57902,-8.10119],[113.57783,-8.10052],[113.57704,-8.09929],[113.57555,-8.09919],[113.57532,-8.0979],[113.57399,-8.09822],[113.57355,-8.09708],[113.57268,-8.09638],[113.57279,-8.09462],[113.57217,-8.09461],[113.57204,-8.09301],[113.57116,-8.09249],[113.57111,-8.09095],[113.57002,-8.09047],[113.5705,-8.0898],[113.57009,-8.08951],[113.56971,-8.08602],[113.57044,-8.08515],[113.56901,-8.08509],[113.57037,-8.0832],[113.57011,-8.08187],[113.57204,-8.0813],[113.57183,-8.0806],[113.57374,-8.07804],[113.57572,-8.07755],[113.57623,-8.07544],[113.57722,-8.07498],[113.57707,-8.07393],[113.57811,-8.07233],[113.57781,-8.07054],[113.57854,-8.06912],[113.57828,-8.06759],[113.5773,-8.06627],[113.57762,-8.06504],[113.57708,-8.063],[113.57616,-8.06229],[113.57585,-8.06006],[113.57411,-8.05918],[113.57363,-8.0583],[113.576,-8.05693],[113.57592,-8.05598],[113.57637,-8.05543],[113.57552,-8.05441],[113.57648,-8.0539],[113.57655,-8.05065],[113.57836,-8.04709],[113.57967,-8.04261],[113.57766,-8.04222],[113.57699,-8.04044],[113.57545,-8.03874],[113.57329,-8.03485],[113.57291,-8.03354],[113.57344,-8.03238],[113.57262,-8.02924],[113.573,-8.02869],[113.5728,-8.02736],[113.57362,-8.02553],[113.57458,-8.02545],[113.57542,-8.02354],[113.57672,-8.02364],[113.57671,-8.02241],[113.57766,-8.02286],[113.579,-8.02216],[113.57952,-8.01982],[113.58167,-8.01868],[113.58221,-8.0167],[113.58556,-8.01344],[113.58588,-8.01174],[113.58715,-8.01143],[113.58712,-8.00935],[113.58827,-8.00895],[113.58849,-8.00692],[113.58842,-8.00579],[113.58775,-8.00511],[113.58855,-8.00444],[113.58758,-8.00368],[113.58806,-8.00117],[113.59039,-7.99905],[113.59317,-7.99877],[113.59412,-7.99724],[113.59528,-7.9964],[113.59587,-7.99452],[113.59918,-7.9925],[113.60114,-7.98972],[113.6038,-7.98747],[113.60539,-7.98999],[113.60705,-7.99075],[113.60893,-7.99005],[113.61157,-7.99028],[113.61305,-7.98878],[113.61371,-7.98876],[113.61423,-7.98937],[113.61335,-7.98995],[113.61328,-7.99092],[113.61397,-7.99214],[113.61563,-7.98981],[113.61681,-7.98984],[113.61697,-7.98905],[113.61912,-7.98832],[113.62,-7.98542],[113.62005,-7.9834],[113.62384,-7.98209],[113.62353,-7.98077],[113.62423,-7.98009],[113.62496,-7.98004],[113.62622,-7.98092],[113.62735,-7.97943],[113.62685,-7.97824],[113.62704,-7.97725],[113.62887,-7.97566],[113.63432,-7.97473],[113.63606,-7.97315],[113.63839,-7.97197],[113.64072,-7.9728],[113.64393,-7.97321],[113.64603,-7.97415],[113.64846,-7.97368],[113.64981,-7.97063],[113.65054,-7.97017],[113.65499,-7.96872],[113.65751,-7.96849],[113.65808,-7.96796],[113.65913,-7.96897],[113.66042,-7.9689],[113.66143,-7.96637],[113.66259,-7.96824],[113.6657,-7.96872],[113.66757,-7.96799],[113.67013,-7.96798],[113.66933,-7.97447],[113.67074,-7.98008],[113.67075,-7.98283],[113.67265,-7.9845],[113.67162,-7.98578],[113.67213,-7.98702],[113.67121,-7.98801],[113.67131,-7.99205],[113.67222,-7.99451],[113.67511,-7.99856],[113.67671,-8.00515],[113.67815,-8.00812],[113.67819,-8.00964],[113.67391,-8.02929],[113.6711,-8.03614],[113.66691,-8.03942],[113.66074,-8.04708],[113.65393,-8.05321],[113.65192,-8.05577],[113.65098,-8.05793],[113.65082,-8.0589],[113.65179,-8.06207],[113.65463,-8.06639],[113.65557,-8.06893],[113.65746,-8.07065],[113.65945,-8.07452],[113.66384,-8.08011],[113.66416,-8.08207],[113.66289,-8.0839],[113.66147,-8.08431],[113.65745,-8.08417],[113.6529,-8.08274],[113.64914,-8.08363],[113.64706,-8.08477],[113.64575,-8.0861],[113.64585,-8.08755],[113.6448,-8.09053],[113.64525,-8.09386],[113.64425,-8.09591],[113.64405,-8.09777],[113.64805,-8.10348],[113.65036,-8.11074],[113.65038,-8.11448],[113.65149,-8.12041],[113.65073,-8.12172],[113.64985,-8.12591],[113.6507,-8.1275],[113.65187,-8.12805],[113.65244,-8.13002],[113.65247,-8.13117],[113.65131,-8.13417],[113.65254,-8.13802],[113.65419,-8.14049],[113.65383,-8.14223],[113.65475,-8.14396],[113.65395,-8.14723],[113.65401,-8.14804],[113.65483,-8.14832],[113.65508,-8.14922],[113.65475,-8.15107],[113.65506,-8.15269],[113.65424,-8.1528],[113.65376,-8.15348],[113.65339,-8.15565],[113.64848,-8.15985],[113.6487,-8.16241],[113.64822,-8.16317],[113.65044,-8.16492],[113.65074,-8.16614],[113.65034,-8.16754],[113.64735,-8.16751],[113.64534,-8.16803],[113.64496,-8.16574],[113.64446,-8.16591],[113.64443,-8.16647],[113.64349,-8.16632],[113.64341,-8.1672],[113.6424,-8.16676],[113.6419,-8.16705],[113.64205,-8.16638],[113.64149,-8.16596],[113.63241,-8.16589],[113.63241,-8.17192],[113.6326,-8.17257],[113.6333,-8.17235],[113.63441,-8.17324],[113.63401,-8.17568],[113.63333,-8.17646]]]}},{"type":"Feature","properties":{"kode":"35.09.15","nama":"Sukorambi","label":[-8.12904,113.66209]},"geometry":{"type":"Polygon","coordinates":[[[113.64198,-8.18144],[113.64209,-8.18394],[113.64175,-8.18512],[113.64312,-8.18647],[113.64149,-8.18825],[113.64138,-8.18909],[113.64211,-8.19043],[113.64442,-8.19214],[113.64473,-8.19385],[113.64257,-8.19541],[113.64153,-8.19795],[113.64077,-8.19811],[113.63965,-8.20018],[113.63962,-8.20452],[113.64025,-8.20591],[113.63951,-8.20692],[113.64174,-8.20753],[113.64117,-8.20854],[113.63846,-8.21073],[113.63742,-8.21762],[113.63548,-8.21857],[113.63564,-8.22015],[113.63076,-8.22109],[113.63245,-8.21999],[113.63441,-8.21422],[113.63224,-8.21077],[113.6311,-8.21013],[113.63152,-8.20825],[113.63016,-8.20796],[113.63043,-8.20708],[113.62991,-8.207],[113.62955,-8.20551],[113.62744,-8.20532],[113.62717,-8.2039],[113.62742,-8.2026],[113.63161,-8.19915],[113.63221,-8.19276],[113.63129,-8.19233],[113.63134,-8.1908],[113.63429,-8.18343],[113.63462,-8.1799],[113.63309,-8.17964],[113.63284,-8.17859],[113.63358,-8.17768],[113.63333,-8.17646],[113.63401,-8.17568],[113.63441,-8.17324],[113.6333,-8.17235],[113.6326,-8.17257],[113.63241,-8.17192],[113.63241,-8.16589],[113.64149,-8.16596],[113.64205,-8.16638],[113.6419,-8.16705],[113.6424,-8.16676],[113.64341,-8.1672],[113.64349,-8.16632],[113.64443,-8.16647],[113.64446,-8.16591],[113.64496,-8.16574],[113.64534,-8.16803],[113.64735,-8.16751],[113.65034,-8.16754],[113.65074,-8.16614],[113.65044,-8.16492],[113.64822,-8.16317],[113.6487,-8.16241],[113.64848,-8.15985],[113.65339,-8.15565],[113.65376,-8.15348],[113.65424,-8.1528],[113.65506,-8.15269],[113.65475,-8.15107],[113.65508,-8.14922],[113.65483,-8.14832],[113.65401,-8.14804],[113.65395,-8.14723],[113.65475,-8.14396],[113.65383,-8.14223],[113.65419,-8.14049],[113.65254,-8.13802],[113.65131,-8.13417],[113.65247,-8.13117],[113.65244,-8.13002],[113.65187,-8.12805],[113.6507,-8.1275],[113.64985,-8.12591],[113.65073,-8.12172],[113.65149,-8.12041],[113.65038,-8.11448],[113.65036,-8.11074],[113.64805,-8.10348],[113.64396,-8.0974],[113.64525,-8.09386],[113.6448,-8.09053],[113.64585,-8.08755],[113.64575,-8.0861],[113.64706,-8.08477],[113.65054,-8.08313],[113.65361,-8.08281],[113.65745,-8.08417],[113.66147,-8.08431],[113.66289,-8.0839],[113.66416,-8.08207],[113.66384,-8.08011],[113.65945,-8.07452],[113.65746,-8.07065],[113.65557,-8.06893],[113.65463,-8.06639],[113.65179,-8.06207],[113.65082,-8.0589],[113.65098,-8.05793],[113.65192,-8.05577],[113.65393,-8.05321],[113.66074,-8.04708],[113.66691,-8.03942],[113.6711,-8.03614],[113.67247,-8.04294],[113.67508,-8.04585],[113.67772,-8.04686],[113.67869,-8.04847],[113.67805,-8.05001],[113.67859,-8.05089],[113.67738,-8.05204],[113.67776,-8.05623],[113.67568,-8.05725],[113.67553,-8.05807],[113.67634,-8.05871],[113.67661,-8.05973],[113.67493,-8.0613],[113.6757,-8.06213],[113.67572,-8.06552],[113.67654,-8.06699],[113.67718,-8.067],[113.67811,-8.06815],[113.67828,-8.07052],[113.68004,-8.07149],[113.68008,-8.07307],[113.68317,-8.07464],[113.68293,-8.07567],[113.68226,-8.07599],[113.68231,-8.07695],[113.68285,-8.07857],[113.68452,-8.08007],[113.67922,-8.083],[113.67967,-8.08624],[113.67878,-8.08676],[113.67885,-8.08788],[113.68099,-8.09016],[113.68095,-8.09092],[113.68016,-8.09086],[113.67997,-8.09131],[113.68024,-8.09341],[113.68112,-8.09391],[113.68101,-8.09494],[113.6815,-8.09587],[113.6829,-8.09703],[113.68445,-8.09737],[113.68505,-8.09922],[113.68641,-8.09952],[113.68624,-8.10071],[113.68725,-8.10223],[113.6887,-8.10311],[113.69019,-8.10509],[113.6912,-8.10759],[113.69106,-8.10941],[113.69325,-8.11112],[113.69224,-8.11452],[113.6944,-8.11552],[113.69437,-8.11638],[113.69529,-8.11716],[113.69544,-8.1184],[113.69396,-8.12161],[113.6941,-8.12338],[113.68736,-8.12237],[113.68745,-8.11919],[113.68642,-8.11736],[113.68133,-8.11496],[113.67708,-8.11494],[113.67648,-8.11213],[113.67418,-8.11042],[113.67394,-8.10819],[113.6734,-8.10793],[113.6726,-8.10616],[113.67075,-8.10665],[113.67006,-8.10747],[113.66935,-8.11131],[113.66956,-8.11593],[113.67142,-8.12313],[113.67161,-8.12553],[113.67089,-8.12746],[113.6715,-8.12781],[113.67249,-8.13016],[113.67235,-8.1326],[113.67188,-8.13363],[113.66579,-8.13667],[113.66514,-8.13738],[113.66739,-8.14017],[113.66648,-8.14176],[113.66686,-8.14306],[113.6663,-8.14422],[113.66881,-8.14558],[113.66794,-8.14614],[113.66835,-8.14667],[113.66771,-8.14867],[113.66846,-8.14865],[113.66826,-8.14925],[113.66988,-8.15156],[113.67027,-8.1529],[113.66977,-8.15333],[113.66968,-8.15483],[113.67073,-8.15662],[113.67053,-8.15754],[113.67132,-8.15796],[113.67166,-8.1589],[113.67141,-8.16023],[113.67006,-8.16046],[113.66944,-8.1618],[113.67026,-8.16481],[113.66957,-8.1666],[113.67021,-8.16938],[113.67002,-8.17138],[113.67097,-8.17409],[113.66853,-8.17498],[113.6656,-8.17487],[113.66383,-8.17644],[113.65944,-8.17737],[113.6556,-8.17757],[113.65508,-8.17789],[113.65444,-8.18071],[113.65281,-8.18154],[113.65286,-8.18305],[113.65207,-8.18451],[113.65029,-8.18429],[113.64301,-8.1815],[113.64198,-8.18144]]]}},{"type":"Feature","properties":{"kode":"35.09.16","nama":"Jenggawah","label":[-8.28896,113.63192]},"geometry":{"type":"Polygon","coordinates":[[[113.67221,-8.32498],[113.67309,-8.32561],[113.67369,-8.32756],[113.67282,-8.32788],[113.67251,-8.32985],[113.67041,-8.33088],[113.6702,-8.33179],[113.67126,-8.33443],[113.67074,-8.337],[113.66356,-8.33296],[113.6604,-8.33197],[113.65695,-8.33255],[113.64405,-8.33146],[113.64274,-8.33282],[113.64048,-8.33391],[113.64105,-8.33552],[113.63973,-8.33487],[113.63453,-8.32825],[113.63132,-8.32597],[113.62744,-8.32502],[113.62824,-8.32049],[113.62571,-8.31965],[113.62603,-8.31886],[113.62257,-8.31798],[113.62259,-8.3174],[113.62148,-8.31704],[113.62208,-8.31227],[113.61544,-8.31025],[113.60988,-8.30737],[113.6061,-8.30693],[113.60246,-8.30719],[113.6001,-8.30815],[113.59495,-8.30577],[113.58586,-8.30671],[113.58523,-8.30433],[113.57954,-8.30147],[113.5799,-8.29845],[113.57898,-8.29774],[113.58069,-8.29381],[113.58791,-8.28572],[113.58828,-8.28435],[113.59219,-8.28567],[113.5934,-8.28523],[113.59473,-8.28594],[113.59761,-8.28578],[113.60012,-8.28412],[113.59991,-8.28367],[113.60073,-8.28279],[113.60281,-8.28289],[113.60418,-8.28213],[113.60595,-8.2826],[113.60725,-8.2816],[113.60807,-8.28196],[113.60842,-8.28115],[113.61051,-8.28103],[113.61275,-8.27949],[113.61351,-8.27818],[113.62207,-8.28501],[113.62784,-8.28507],[113.62807,-8.2816],[113.62756,-8.28097],[113.6269,-8.281],[113.62811,-8.27859],[113.62834,-8.27833],[113.63025,-8.27956],[113.63233,-8.28144],[113.63308,-8.27823],[113.63523,-8.27541],[113.63697,-8.27449],[113.63706,-8.27341],[113.63772,-8.27354],[113.63914,-8.27277],[113.63938,-8.27091],[113.6413,-8.26806],[113.64186,-8.2657],[113.64374,-8.26451],[113.64373,-8.26343],[113.64471,-8.26352],[113.64432,-8.26271],[113.64511,-8.26084],[113.64778,-8.25903],[113.64706,-8.25883],[113.64791,-8.25442],[113.64864,-8.25388],[113.65263,-8.25431],[113.65321,-8.25367],[113.65487,-8.25412],[113.65544,-8.25298],[113.65775,-8.2518],[113.65778,-8.25088],[113.66066,-8.25032],[113.66118,-8.24813],[113.66716,-8.24763],[113.66739,-8.24814],[113.66961,-8.24812],[113.66936,-8.2488],[113.67202,-8.24959],[113.67211,-8.24853],[113.67907,-8.24964],[113.68367,-8.2463],[113.68358,-8.24394],[113.68408,-8.24316],[113.68563,-8.24315],[113.68554,-8.24425],[113.69089,-8.24438],[113.69096,-8.24614],[113.69636,-8.24618],[113.69643,-8.24284],[113.69829,-8.24292],[113.69904,-8.24914],[113.69863,-8.25015],[113.69713,-8.25106],[113.69696,-8.25251],[113.69793,-8.25649],[113.69641,-8.25847],[113.69607,-8.26236],[113.69424,-8.26311],[113.69253,-8.26187],[113.69094,-8.26249],[113.67871,-8.27393],[113.67805,-8.275],[113.67614,-8.28205],[113.67706,-8.28396],[113.67785,-8.28358],[113.67949,-8.28583],[113.67939,-8.28782],[113.67824,-8.2901],[113.67827,-8.2909],[113.67707,-8.29247],[113.67682,-8.29448],[113.67581,-8.29515],[113.67543,-8.29846],[113.67448,-8.29961],[113.67458,-8.30137],[113.67354,-8.30385],[113.67029,-8.30782],[113.67133,-8.31001],[113.67146,-8.31393],[113.67232,-8.31408],[113.67263,-8.31513],[113.67146,-8.31703],[113.67163,-8.31973],[113.67217,-8.32091],[113.6716,-8.32288],[113.67221,-8.32498]]]}},{"type":"Feature","properties":{"kode":"35.09.17","nama":"Ajung","label":[-8.23938,113.66064]},"geometry":{"type":"MultiPolygon","coordinates":[[[[113.64791,-8.25442],[113.64706,-8.25883],[113.64778,-8.25903],[113.64511,-8.26084],[113.64432,-8.26271],[113.64471,-8.26352],[113.64373,-8.26343],[113.64374,-8.26451],[113.64186,-8.2657],[113.6413,-8.26806],[113.63938,-8.27091],[113.63914,-8.27277],[113.63772,-8.27354],[113.63706,-8.27341],[113.63697,-8.27449],[113.63523,-8.27541],[113.63308,-8.27823],[113.63233,-8.28144],[113.63025,-8.27956],[113.62834,-8.27833],[113.62811,-8.27859],[113.6269,-8.281],[113.62756,-8.28097],[113.62807,-8.2816],[113.62784,-8.28507],[113.62207,-8.28501],[113.61351,-8.27818],[113.61275,-8.27949],[113.61051,-8.28103],[113.60842,-8.28115],[113.60807,-8.28196],[113.60725,-8.2816],[113.60595,-8.2826],[113.60418,-8.28213],[113.60281,-8.28289],[113.60086,-8.28276],[113.60225,-8.27979],[113.60298,-8.27973],[113.60288,-8.27707],[113.60415,-8.27707],[113.60719,-8.26656],[113.60929,-8.26464],[113.6126,-8.26476],[113.61337,-8.25988],[113.60648,-8.25982],[113.60634,-8.25934],[113.59487,-8.25883],[113.59536,-8.25204],[113.59885,-8.2529],[113.62073,-8.246],[113.62069,-8.23857],[113.62086,-8.23808],[113.62232,-8.23803],[113.6225,-8.23667],[113.62102,-8.23111],[113.62205,-8.22853],[113.62244,-8.22349],[113.62317,-8.22037],[113.62519,-8.21935],[113.62658,-8.21985],[113.62671,-8.22062],[113.62752,-8.22033],[113.63076,-8.22109],[113.63564,-8.22015],[113.63548,-8.21857],[113.63742,-8.21762],[113.63846,-8.21073],[113.64117,-8.20854],[113.64174,-8.20753],[113.6396,-8.20712],[113.64025,-8.20591],[113.63968,-8.20479],[113.64048,-8.20549],[113.64157,-8.20535],[113.64432,-8.20148],[113.64576,-8.20259],[113.64726,-8.202],[113.64904,-8.20323],[113.65139,-8.20064],[113.65072,-8.19859],[113.65111,-8.19733],[113.65209,-8.19865],[113.65268,-8.19867],[113.65377,-8.19689],[113.65515,-8.19636],[113.65556,-8.19749],[113.65471,-8.19963],[113.65752,-8.19973],[113.65887,-8.1979],[113.66113,-8.1976],[113.66136,-8.19597],[113.6627,-8.19528],[113.66369,-8.19615],[113.66375,-8.19838],[113.6648,-8.19952],[113.66576,-8.19973],[113.66674,-8.19839],[113.67064,-8.1979],[113.67155,-8.1971],[113.6724,-8.19711],[113.67424,-8.19858],[113.67419,-8.20063],[113.67569,-8.20131],[113.67629,-8.20327],[113.68004,-8.20449],[113.68057,-8.20702],[113.68139,-8.2071],[113.68135,-8.20825],[113.68303,-8.20825],[113.68359,-8.20884],[113.67965,-8.21511],[113.68121,-8.21632],[113.68275,-8.21617],[113.68428,-8.2174],[113.68596,-8.21753],[113.68722,-8.21665],[113.68828,-8.21466],[113.69198,-8.2132],[113.69397,-8.20973],[113.69618,-8.21044],[113.69945,-8.21001],[113.70209,-8.21127],[113.70579,-8.21205],[113.70992,-8.21202],[113.71348,-8.21277],[113.71506,-8.20973],[113.71804,-8.21025],[113.72042,-8.20812],[113.72191,-8.2079],[113.72336,-8.20694],[113.72892,-8.20719],[113.73227,-8.20814],[113.73173,-8.20972],[113.731,-8.21033],[113.73099,-8.21144],[113.72958,-8.21149],[113.72884,-8.21231],[113.73041,-8.21463],[113.73005,-8.21536],[113.72625,-8.21626],[113.72597,-8.21713],[113.72377,-8.217],[113.72289,-8.21864],[113.72168,-8.21714],[113.72023,-8.21745],[113.71823,-8.21929],[113.71792,-8.22161],[113.7174,-8.22205],[113.71236,-8.22264],[113.71114,-8.22415],[113.70835,-8.22425],[113.70659,-8.22629],[113.70414,-8.22694],[113.70353,-8.22789],[113.70314,-8.23051],[113.70415,-8.23279],[113.70392,-8.23373],[113.70131,-8.23561],[113.70123,-8.23832],[113.7001,-8.24019],[113.69894,-8.24095],[113.69941,-8.24181],[113.69829,-8.24292],[113.69643,-8.24284],[113.69636,-8.24618],[113.69096,-8.24614],[113.69089,-8.24438],[113.68554,-8.24425],[113.68563,-8.24315],[113.68408,-8.24316],[113.68358,-8.24394],[113.68367,-8.2463],[113.68077,-8.24804],[113.67964,-8.2495],[113.67211,-8.24853],[113.67202,-8.24959],[113.66936,-8.2488],[113.66961,-8.24812],[113.66739,-8.24814],[113.66716,-8.24763],[113.66208,-8.24794],[113.66118,-8.24813],[113.66066,-8.25032],[113.65778,-8.25088],[113.65775,-8.2518],[113.65544,-8.25298],[113.65487,-8.25412],[113.65321,-8.25367],[113.65263,-8.25431],[113.64864,-8.25388],[113.64791,-8.25442]]],[[[113.63967,-8.20469],[113.63962,-8.20452],[113.63969,-8.20451],[113.63967,-8.20469]]]]}},{"type":"Feature","properties":{"kode":"35.09.18","nama":"Tempurejo","label":[-8.41907,113.75227]},"geometry":{"type":"MultiPolygon","coordinates":[[[[113.67692,-8.49122],[113.67328,-8.49188],[113.67038,-8.49401],[113.66972,-8.4956],[113.67001,-8.49704],[113.66947,-8.49788],[113.66541,-8.49675],[113.66083,-8.49776],[113.66035,-8.49708],[113.66016,-8.49507],[113.65637,-8.49337],[113.65385,-8.49349],[113.65307,-8.49404],[113.6519,-8.49336],[113.65084,-8.49388],[113.64898,-8.49379],[113.64654,-8.4944],[113.64623,-8.4939],[113.64683,-8.49353],[113.64689,-8.49273],[113.64633,-8.49091],[113.64454,-8.48999],[113.64567,-8.48897],[113.648,-8.48892],[113.64822,-8.48757],[113.64989,-8.48591],[113.65007,-8.48447],[113.64859,-8.48331],[113.64877,-8.48045],[113.64793,-8.47933],[113.64651,-8.47852],[113.64642,-8.47796],[113.64533,-8.47778],[113.64482,-8.47699],[113.6436,-8.47718],[113.64294,-8.47646],[113.64144,-8.47618],[113.64065,-8.47659],[113.64069,-8.47607],[113.63801,-8.47524],[113.63805,-8.47362],[113.63701,-8.47215],[113.63674,-8.47035],[113.6384,-8.46817],[113.64111,-8.46805],[113.64295,-8.46578],[113.64331,-8.46303],[113.64148,-8.45755],[113.63895,-8.45455],[113.63342,-8.45644],[113.63345,-8.45556],[113.63262,-8.45518],[113.63006,-8.45612],[113.6272,-8.45536],[113.62697,-8.45444],[113.62583,-8.45378],[113.62476,-8.45433],[113.62533,-8.45311],[113.62674,-8.4522],[113.62712,-8.4513],[113.6302,-8.44974],[113.63024,-8.44831],[113.63137,-8.44706],[113.63325,-8.44697],[113.63432,-8.44745],[113.6372,-8.4451],[113.63983,-8.44649],[113.64142,-8.44116],[113.63933,-8.43804],[113.63971,-8.43665],[113.64033,-8.4364],[113.63994,-8.43428],[113.64045,-8.43314],[113.6392,-8.43172],[113.63625,-8.42991],[113.63448,-8.42088],[113.63182,-8.4125],[113.63181,-8.40563],[113.62775,-8.40225],[113.62741,-8.4014],[113.63069,-8.39755],[113.63647,-8.39237],[113.63877,-8.39156],[113.63933,-8.39073],[113.64537,-8.38678],[113.65048,-8.38445],[113.65276,-8.38265],[113.65503,-8.38258],[113.65774,-8.38081],[113.66668,-8.38063],[113.67017,-8.37695],[113.66983,-8.37435],[113.66878,-8.37306],[113.66539,-8.37069],[113.66431,-8.36778],[113.64381,-8.36515],[113.64471,-8.36071],[113.65305,-8.36192],[113.65516,-8.34999],[113.65562,-8.34279],[113.66219,-8.34305],[113.66356,-8.33296],[113.67074,-8.337],[113.67109,-8.33649],[113.67126,-8.33443],[113.6702,-8.33179],[113.67033,-8.33115],[113.67064,-8.3306],[113.67251,-8.32985],[113.67282,-8.32788],[113.67369,-8.32728],[113.67309,-8.32561],[113.67175,-8.32434],[113.6716,-8.32288],[113.67217,-8.32091],[113.67163,-8.31973],[113.67146,-8.31703],[113.67263,-8.31513],[113.67232,-8.31408],[113.67146,-8.31393],[113.67133,-8.31001],[113.67029,-8.30782],[113.67354,-8.30385],[113.67389,-8.30228],[113.67439,-8.30193],[113.67448,-8.29961],[113.67537,-8.29867],[113.67581,-8.29515],[113.67776,-8.29442],[113.67883,-8.29263],[113.68206,-8.29079],[113.68275,-8.2919],[113.68402,-8.29175],[113.68597,-8.29258],[113.68619,-8.29195],[113.68903,-8.2902],[113.69265,-8.28954],[113.69339,-8.2879],[113.69611,-8.28848],[113.69733,-8.28785],[113.69848,-8.28787],[113.70009,-8.28619],[113.70071,-8.28611],[113.70092,-8.2866],[113.70264,-8.28614],[113.70372,-8.28645],[113.70473,-8.28432],[113.70573,-8.28424],[113.70803,-8.28528],[113.71024,-8.284],[113.71133,-8.28416],[113.71146,-8.28318],[113.71206,-8.28308],[113.71341,-8.28385],[113.71408,-8.28981],[113.71786,-8.29109],[113.71891,-8.29078],[113.71925,-8.29178],[113.721,-8.29252],[113.72141,-8.29322],[113.72345,-8.29284],[113.72375,-8.29331],[113.72323,-8.3051],[113.72526,-8.30583],[113.7283,-8.30528],[113.72585,-8.30694],[113.72591,-8.3104],[113.72484,-8.31861],[113.7273,-8.31834],[113.72747,-8.31924],[113.72947,-8.32015],[113.7309,-8.32323],[113.73149,-8.32327],[113.73287,-8.32471],[113.73427,-8.32495],[113.73509,-8.32392],[113.73809,-8.32322],[113.73783,-8.32428],[113.73596,-8.32556],[113.73541,-8.32697],[113.73588,-8.32789],[113.73692,-8.32828],[113.736,-8.33033],[113.73602,-8.33201],[113.73924,-8.33193],[113.74274,-8.331],[113.74308,-8.33205],[113.74209,-8.33382],[113.74219,-8.33466],[113.74342,-8.33488],[113.74453,-8.33433],[113.74628,-8.33502],[113.74675,-8.3349],[113.74795,-8.33245],[113.74978,-8.33205],[113.7507,-8.33241],[113.75191,-8.33193],[113.75199,-8.33439],[113.75296,-8.33361],[113.75325,-8.33237],[113.75386,-8.33224],[113.7538,-8.33144],[113.75589,-8.33058],[113.75673,-8.33092],[113.75667,-8.33186],[113.75513,-8.33262],[113.75479,-8.33327],[113.75509,-8.3338],[113.75622,-8.33348],[113.75663,-8.33273],[113.75842,-8.33165],[113.7592,-8.33275],[113.76305,-8.33193],[113.76394,-8.33051],[113.76887,-8.32775],[113.77005,-8.32482],[113.7822,-8.32495],[113.78554,-8.32945],[113.78417,-8.33178],[113.78423,-8.33428],[113.78344,-8.33552],[113.78447,-8.3371],[113.78475,-8.34127],[113.78433,-8.34298],[113.78507,-8.344],[113.78548,-8.34958],[113.78689,-8.35087],[113.78684,-8.35728],[113.78736,-8.3588],[113.78926,-8.36121],[113.78911,-8.36217],[113.78821,-8.36316],[113.78906,-8.36553],[113.79088,-8.3661],[113.79763,-8.36522],[113.80062,-8.36373],[113.8024,-8.36342],[113.80534,-8.36116],[113.80735,-8.36141],[113.81017,-8.36302],[113.8118,-8.3624],[113.81477,-8.36028],[113.81777,-8.35951],[113.81969,-8.3596],[113.82437,-8.36237],[113.8265,-8.35811],[113.82801,-8.35693],[113.82952,-8.35645],[113.83086,-8.35763],[113.83275,-8.36335],[113.83874,-8.36509],[113.83913,-8.36635],[113.83835,-8.36766],[113.84002,-8.36973],[113.84012,-8.37045],[113.83884,-8.37212],[113.83917,-8.37377],[113.84209,-8.37586],[113.84335,-8.37832],[113.84694,-8.37871],[113.84713,-8.37934],[113.84636,-8.38063],[113.84677,-8.38119],[113.85189,-8.3801],[113.85449,-8.37827],[113.85555,-8.37643],[113.85831,-8.37519],[113.8584,-8.37435],[113.85717,-8.37327],[113.85767,-8.36909],[113.85759,-8.36808],[113.85702,-8.36765],[113.85889,-8.3671],[113.86172,-8.36136],[113.86372,-8.36131],[113.86887,-8.35743],[113.86834,-8.35676],[113.86609,-8.35665],[113.86555,-8.35587],[113.86731,-8.35402],[113.87012,-8.35244],[113.87013,-8.35032],[113.87129,-8.34897],[113.87058,-8.3474],[113.87134,-8.34526],[113.87399,-8.34531],[113.87732,-8.34191],[113.87862,-8.34223],[113.87922,-8.34447],[113.88162,-8.34341],[113.88225,-8.34386],[113.88265,-8.34521],[113.88412,-8.34496],[113.8867,-8.3435],[113.88752,-8.34592],[113.88847,-8.34661],[113.8908,-8.34689],[113.89192,-8.34678],[113.89308,-8.3459],[113.89429,-8.34617],[113.89497,-8.34524],[113.89565,-8.34532],[113.89609,-8.34434],[113.89844,-8.34516],[113.89779,-8.34684],[113.90066,-8.34686],[113.90202,-8.34457],[113.90139,-8.34391],[113.90351,-8.34249],[113.90587,-8.34276],[113.90651,-8.34371],[113.90812,-8.34356],[113.90858,-8.34527],[113.90944,-8.34589],[113.90909,-8.34698],[113.91156,-8.34788],[113.9119,-8.34893],[113.91151,-8.35002],[113.9136,-8.34939],[113.91497,-8.34815],[113.91582,-8.34812],[113.91686,-8.35053],[113.91661,-8.35229],[113.9159,-8.35317],[113.91799,-8.35308],[113.919,-8.35369],[113.91981,-8.3545],[113.91962,-8.3553],[113.92122,-8.35732],[113.92005,-8.35843],[113.9189,-8.35816],[113.91871,-8.35849],[113.92035,-8.35946],[113.92014,-8.36111],[113.92111,-8.36182],[113.92132,-8.36279],[113.92253,-8.36346],[113.92141,-8.36437],[113.92237,-8.36722],[113.92147,-8.36848],[113.92165,-8.3699],[113.92379,-8.37199],[113.92397,-8.37434],[113.92443,-8.37508],[113.92716,-8.3752],[113.92775,-8.37671],[113.92683,-8.37772],[113.92717,-8.3787],[113.92651,-8.37912],[113.92721,-8.38003],[113.92486,-8.38158],[113.92456,-8.38294],[113.92349,-8.38399],[113.92466,-8.38465],[113.92531,-8.38634],[113.92904,-8.38768],[113.93042,-8.38885],[113.93301,-8.3888],[113.93541,-8.39123],[113.93596,-8.39288],[113.93862,-8.39369],[113.94125,-8.39586],[113.94235,-8.39608],[113.94266,-8.39667],[113.94427,-8.39739],[113.94513,-8.40025],[113.94727,-8.40168],[113.94572,-8.40326],[113.93744,-8.40913],[113.93667,-8.41615],[113.93442,-8.42324],[113.92734,-8.42973],[113.91027,-8.44197],[113.90849,-8.4418],[113.90542,-8.44006],[113.90164,-8.43709],[113.89924,-8.43443],[113.89898,-8.4318],[113.90102,-8.42667],[113.90033,-8.42397],[113.8942,-8.41346],[113.89213,-8.41101],[113.89041,-8.4104],[113.88903,-8.41063],[113.88559,-8.41449],[113.88196,-8.41727],[113.87763,-8.41602],[113.87584,-8.41588],[113.87437,-8.41642],[113.86523,-8.42292],[113.85833,-8.42662],[113.85465,-8.42998],[113.85325,-8.43272],[113.85206,-8.44069],[113.84819,-8.45456],[113.84828,-8.46237],[113.84488,-8.47516],[113.84435,-8.48156],[113.84221,-8.49446],[113.84284,-8.50014],[113.84254,-8.50227],[113.84314,-8.50353],[113.84738,-8.50906],[113.85552,-8.51553],[113.85512,-8.51963],[113.85302,-8.52616],[113.8515,-8.52812],[113.84905,-8.52988],[113.84714,-8.53334],[113.8461,-8.5387],[113.8439,-8.5459],[113.84243,-8.54812],[113.83957,-8.55076],[113.83759,-8.55368],[113.83686,-8.55328],[113.83626,-8.55136],[113.83533,-8.55082],[113.83556,-8.5505],[113.83448,-8.55039],[113.83646,-8.54924],[113.83741,-8.54734],[113.83686,-8.54631],[113.83573,-8.54608],[113.83624,-8.54561],[113.83489,-8.54517],[113.83519,-8.5448],[113.83558,-8.54502],[113.83562,-8.54431],[113.83521,-8.54283],[113.83449,-8.54256],[113.83467,-8.54186],[113.83413,-8.54136],[113.83433,-8.54086],[113.83522,-8.54104],[113.83602,-8.54041],[113.83557,-8.53932],[113.83692,-8.53682],[113.83809,-8.53709],[113.83872,-8.53622],[113.8387,-8.53458],[113.8379,-8.53338],[113.83708,-8.53364],[113.83647,-8.53315],[113.83612,-8.53383],[113.83529,-8.53373],[113.83642,-8.53276],[113.83622,-8.5319],[113.83738,-8.5312],[113.83737,-8.52987],[113.83451,-8.52758],[113.82964,-8.52721],[113.82798,-8.52754],[113.82748,-8.52813],[113.8274,-8.53185],[113.82638,-8.5329],[113.82574,-8.53472],[113.82606,-8.53533],[113.82545,-8.53597],[113.82528,-8.53713],[113.82557,-8.53934],[113.82513,-8.54029],[113.82585,-8.54141],[113.82541,-8.54265],[113.8244,-8.54272],[113.8245,-8.54163],[113.82364,-8.54144],[113.82273,-8.5419],[113.82223,-8.54309],[113.82256,-8.54187],[113.82177,-8.54161],[113.82156,-8.54255],[113.82033,-8.54347],[113.8201,-8.54484],[113.81695,-8.54506],[113.8156,-8.54613],[113.81533,-8.54825],[113.8163,-8.55037],[113.8156,-8.5507],[113.81543,-8.55159],[113.81612,-8.55224],[113.81615,-8.55389],[113.81671,-8.55416],[113.81663,-8.55466],[113.81615,-8.55462],[113.81474,-8.55837],[113.81284,-8.55783],[113.81224,-8.55706],[113.81119,-8.55764],[113.8122,-8.55613],[113.81121,-8.55518],[113.81031,-8.55635],[113.80998,-8.55592],[113.80926,-8.55635],[113.80763,-8.55611],[113.80801,-8.55509],[113.8073,-8.55575],[113.80711,-8.55532],[113.80804,-8.55382],[113.80693,-8.55331],[113.80635,-8.55443],[113.80588,-8.55427],[113.80612,-8.55311],[113.8069,-8.55289],[113.80726,-8.55077],[113.80676,-8.54988],[113.80728,-8.54933],[113.80744,-8.54736],[113.80886,-8.54701],[113.81037,-8.54755],[113.81078,-8.54614],[113.81279,-8.54539],[113.81186,-8.54429],[113.81216,-8.54238],[113.81393,-8.54241],[113.81496,-8.54157],[113.81513,-8.54028],[113.8147,-8.5405],[113.8149,-8.54008],[113.81387,-8.53891],[113.8129,-8.53858],[113.81288,-8.53804],[113.8138,-8.53711],[113.81607,-8.537],[113.81655,-8.53619],[113.81514,-8.5334],[113.81354,-8.53319],[113.81151,-8.53415],[113.81177,-8.53332],[113.81013,-8.53399],[113.80904,-8.5332],[113.8094,-8.53236],[113.80887,-8.53238],[113.80935,-8.53167],[113.80901,-8.53143],[113.80846,-8.53191],[113.80845,-8.53144],[113.80803,-8.53178],[113.80797,-8.53098],[113.80816,-8.53034],[113.80874,-8.53016],[113.8088,-8.52931],[113.80959,-8.52875],[113.80817,-8.52859],[113.80879,-8.52822],[113.80913,-8.52677],[113.80842,-8.52628],[113.8082,-8.52689],[113.80786,-8.52679],[113.80849,-8.52539],[113.80831,-8.52503],[113.80744,-8.52529],[113.80858,-8.52327],[113.80831,-8.52269],[113.80756,-8.52296],[113.80796,-8.52229],[113.80732,-8.52217],[113.80756,-8.52146],[113.80811,-8.52143],[113.80774,-8.52104],[113.80815,-8.52042],[113.80736,-8.51933],[113.80589,-8.52089],[113.80583,-8.52042],[113.8052,-8.52099],[113.80445,-8.5204],[113.80494,-8.52009],[113.80485,-8.51915],[113.80696,-8.51767],[113.80674,-8.51738],[113.8081,-8.51736],[113.80901,-8.51808],[113.81032,-8.51695],[113.81127,-8.51458],[113.81087,-8.51306],[113.80994,-8.51237],[113.80905,-8.51274],[113.80861,-8.51213],[113.80872,-8.50977],[113.80824,-8.5093],[113.80679,-8.5097],[113.80583,-8.5093],[113.8059,-8.50764],[113.80768,-8.50521],[113.80941,-8.50557],[113.81074,-8.50518],[113.81244,-8.50231],[113.81164,-8.50073],[113.8116,-8.49905],[113.80796,-8.49568],[113.80054,-8.49229],[113.79612,-8.4894],[113.79202,-8.48873],[113.79204,-8.48773],[113.78906,-8.4898],[113.78842,-8.49163],[113.78745,-8.49162],[113.78663,-8.49272],[113.7867,-8.49373],[113.7877,-8.49508],[113.78734,-8.4955],[113.78741,-8.49646],[113.78788,-8.49649],[113.78741,-8.49736],[113.78781,-8.49856],[113.78635,-8.49868],[113.78629,-8.49762],[113.78685,-8.49706],[113.78616,-8.49681],[113.78696,-8.49633],[113.78532,-8.4958],[113.78515,-8.49515],[113.78352,-8.49656],[113.78083,-8.49552],[113.77893,-8.49665],[113.7788,-8.49755],[113.77624,-8.49822],[113.77444,-8.50082],[113.77391,-8.50001],[113.77332,-8.50073],[113.77259,-8.50051],[113.77166,-8.50324],[113.77002,-8.50384],[113.76935,-8.50327],[113.76798,-8.50466],[113.76739,-8.50441],[113.76725,-8.5031],[113.76681,-8.50321],[113.76678,-8.50179],[113.76586,-8.50169],[113.76584,-8.50106],[113.76501,-8.50039],[113.76386,-8.50067],[113.7636,-8.5012],[113.76286,-8.50069],[113.76233,-8.50182],[113.7618,-8.5019],[113.76174,-8.50348],[113.76085,-8.50248],[113.75887,-8.50218],[113.75712,-8.50385],[113.75563,-8.50617],[113.75505,-8.51002],[113.75754,-8.5122],[113.75952,-8.51187],[113.76062,-8.51246],[113.76085,-8.51319],[113.7618,-8.51357],[113.76131,-8.51418],[113.76178,-8.51453],[113.76025,-8.51585],[113.75975,-8.51549],[113.75979,-8.51467],[113.75927,-8.51475],[113.75927,-8.51564],[113.75607,-8.51859],[113.7541,-8.51942],[113.75122,-8.51894],[113.74977,-8.51811],[113.74922,-8.51857],[113.74918,-8.52049],[113.74766,-8.5204],[113.74621,-8.52118],[113.74475,-8.52122],[113.74421,-8.52071],[113.74327,-8.52279],[113.74012,-8.5242],[113.7389,-8.52385],[113.73903,-8.52448],[113.7398,-8.52471],[113.73873,-8.52606],[113.73789,-8.52557],[113.73481,-8.52574],[113.73332,-8.52386],[113.73335,-8.52266],[113.73384,-8.52254],[113.73334,-8.52226],[113.7347,-8.5201],[113.73427,-8.51691],[113.73361,-8.51546],[113.73183,-8.51481],[113.7272,-8.51718],[113.72659,-8.51829],[113.72725,-8.51897],[113.72559,-8.5206],[113.72574,-8.51968],[113.72481,-8.51852],[113.7253,-8.51813],[113.72404,-8.517],[113.72301,-8.51682],[113.72154,-8.51775],[113.71982,-8.51901],[113.71995,-8.51946],[113.71946,-8.51932],[113.71977,-8.51976],[113.71933,-8.52014],[113.71969,-8.52024],[113.71867,-8.52028],[113.71795,-8.52115],[113.71809,-8.52209],[113.71878,-8.52237],[113.71749,-8.52208],[113.71775,-8.523],[113.71656,-8.52328],[113.71692,-8.52395],[113.71622,-8.52442],[113.71634,-8.52506],[113.71713,-8.525],[113.71604,-8.52544],[113.71611,-8.52581],[113.71697,-8.52567],[113.7163,-8.52706],[113.71534,-8.52704],[113.71446,-8.52791],[113.71351,-8.52747],[113.71272,-8.52825],[113.71157,-8.52682],[113.71226,-8.52507],[113.71217,-8.52395],[113.71106,-8.52343],[113.71081,-8.52257],[113.71199,-8.52199],[113.71132,-8.52168],[113.71284,-8.52111],[113.71354,-8.52045],[113.71331,-8.52019],[113.71408,-8.51994],[113.71356,-8.51945],[113.71391,-8.51744],[113.71328,-8.51685],[113.71306,-8.51509],[113.7134,-8.51445],[113.71597,-8.51378],[113.71702,-8.51287],[113.71917,-8.51278],[113.71973,-8.51203],[113.71984,-8.51066],[113.71742,-8.50989],[113.71714,-8.50843],[113.71794,-8.50746],[113.71846,-8.50435],[113.72083,-8.50232],[113.72136,-8.50069],[113.72101,-8.49982],[113.72011,-8.49947],[113.72135,-8.49851],[113.72223,-8.49667],[113.72196,-8.49493],[113.72045,-8.4934],[113.71971,-8.49102],[113.71869,-8.48996],[113.71955,-8.48743],[113.71869,-8.4866],[113.71836,-8.48507],[113.71026,-8.48153],[113.70591,-8.48164],[113.70315,-8.48251],[113.701,-8.48464],[113.70071,-8.48686],[113.70162,-8.48831],[113.7034,-8.48917],[113.70325,-8.49046],[113.70271,-8.49014],[113.70105,-8.49125],[113.70012,-8.49131],[113.69974,-8.49213],[113.70003,-8.49306],[113.69874,-8.49302],[113.69756,-8.49441],[113.69558,-8.49496],[113.69567,-8.49526],[113.69504,-8.4951],[113.69446,-8.49716],[113.69483,-8.49799],[113.69386,-8.49943],[113.6953,-8.49991],[113.69493,-8.50016],[113.69454,-8.49977],[113.69452,-8.50084],[113.69402,-8.50066],[113.69157,-8.50195],[113.69125,-8.5039],[113.68957,-8.50502],[113.68892,-8.50396],[113.68849,-8.50451],[113.68753,-8.50363],[113.68697,-8.50219],[113.68633,-8.50176],[113.68732,-8.50091],[113.68654,-8.50067],[113.68685,-8.49871],[113.6877,-8.49724],[113.68731,-8.49669],[113.68666,-8.49692],[113.68692,-8.49595],[113.68625,-8.49643],[113.68663,-8.49346],[113.68557,-8.49303],[113.68583,-8.49255],[113.68537,-8.49166],[113.68439,-8.49176],[113.6842,-8.49113],[113.68389,-8.4916],[113.68278,-8.49126],[113.68182,-8.49273],[113.68138,-8.4926],[113.6812,-8.49347],[113.68028,-8.49248],[113.67906,-8.49274],[113.67852,-8.4915],[113.67692,-8.49122]]],[[[113.83529,-8.53961],[113.8349,-8.5398],[113.83411,-8.53939],[113.83485,-8.5389],[113.83529,-8.53961]]],[[[113.83086,-8.53436],[113.83044,-8.53467],[113.83058,-8.53406],[113.83086,-8.53436]]],[[[113.82355,-8.54313],[113.82382,-8.54354],[113.82359,-8.54361],[113.82355,-8.54313]]],[[[113.81788,-8.56213],[113.81815,-8.56209],[113.81802,-8.5624],[113.81788,-8.56213]]],[[[113.81779,-8.55861],[113.81748,-8.55848],[113.81768,-8.5584],[113.81779,-8.55861]]],[[[113.81671,-8.55976],[113.81674,-8.55893],[113.81742,-8.55916],[113.81715,-8.55997],[113.81671,-8.55976]]],[[[113.81602,-8.55904],[113.81649,-8.55916],[113.81609,-8.55964],[113.81588,-8.55944],[113.81602,-8.55904]]],[[[113.81399,-8.55968],[113.81392,-8.56004],[113.81361,-8.56027],[113.81367,-8.55979],[113.81399,-8.55968]]],[[[113.8132,-8.56128],[113.81311,-8.56146],[113.8131,-8.56123],[113.8132,-8.56128]]],[[[113.81157,-8.56133],[113.81142,-8.56163],[113.81131,-8.56151],[113.81157,-8.56133]]],[[[113.80834,-8.55701],[113.80921,-8.55716],[113.80862,-8.55739],[113.80834,-8.55701]]],[[[113.80683,-8.55825],[113.80732,-8.55839],[113.80716,-8.55879],[113.80683,-8.55825]]],[[[113.80672,-8.5573],[113.80703,-8.55744],[113.80676,-8.55755],[113.80672,-8.5573]]],[[[113.8042,-8.55356],[113.80353,-8.55336],[113.80379,-8.5531],[113.8042,-8.55356]]],[[[113.8003,-8.54984],[113.80103,-8.54911],[113.80158,-8.54961],[113.8007,-8.55033],[113.8003,-8.54984]]],[[[113.80076,-8.56033],[113.80058,-8.55898],[113.80103,-8.55885],[113.80125,-8.55942],[113.80076,-8.56033]]],[[[113.78867,-8.51464],[113.78957,-8.51353],[113.79116,-8.51313],[113.79041,-8.51444],[113.78926,-8.51493],[113.78867,-8.51464]]],[[[113.75569,-8.52233],[113.75585,-8.52263],[113.75557,-8.52241],[113.75569,-8.52233]]],[[[113.75508,-8.52071],[113.75535,-8.52124],[113.75479,-8.52091],[113.75508,-8.52071]]],[[[113.74696,-8.54438],[113.7449,-8.54483],[113.74424,-8.54465],[113.74524,-8.54371],[113.74612,-8.54366],[113.74691,-8.54262],[113.74696,-8.54438]]],[[[113.74399,-8.54513],[113.7443,-8.5453],[113.74291,-8.54664],[113.74285,-8.54627],[113.74399,-8.54513]]],[[[113.71498,-8.50445],[113.71321,-8.50473],[113.71428,-8.50335],[113.7152,-8.50343],[113.71498,-8.50445]]],[[[113.71261,-8.52838],[113.71269,-8.52877],[113.71262,-8.5288],[113.71261,-8.52838]]],[[[113.70801,-8.5312],[113.7096,-8.53213],[113.70994,-8.5328],[113.70957,-8.53354],[113.70726,-8.53219],[113.70625,-8.53247],[113.70596,-8.53207],[113.70386,-8.53273],[113.70453,-8.53159],[113.7059,-8.53102],[113.70801,-8.5312]]],[[[113.70347,-8.53171],[113.70211,-8.53204],[113.70275,-8.53157],[113.70347,-8.53171]]],[[[113.68724,-8.50433],[113.68766,-8.50463],[113.68751,-8.50533],[113.68724,-8.50493],[113.68724,-8.50433]]],[[[113.66578,-8.50384],[113.66638,-8.50433],[113.66605,-8.50466],[113.66578,-8.50384]]],[[[113.66488,-8.50706],[113.66472,-8.50673],[113.6653,-8.50647],[113.66534,-8.5067],[113.66488,-8.50706]]],[[[113.66449,-8.50013],[113.66523,-8.50034],[113.66456,-8.50034],[113.66449,-8.50013]]],[[[113.66144,-8.49976],[113.66248,-8.49868],[113.66262,-8.49884],[113.66144,-8.49976]]],[[[113.66189,-8.5012],[113.66046,-8.50344],[113.66076,-8.50032],[113.66149,-8.49988],[113.66189,-8.5012]]],[[[113.64612,-8.49584],[113.64574,-8.49599],[113.64588,-8.49561],[113.64612,-8.49584]]],[[[113.64541,-8.49613],[113.64504,-8.49563],[113.64545,-8.49573],[113.64541,-8.49613]]],[[[113.63427,-8.50409],[113.63323,-8.50455],[113.63284,-8.5033],[113.63367,-8.50299],[113.63427,-8.50409]]],[[[113.62382,-8.46964],[113.62391,-8.4695],[113.62411,-8.46956],[113.62382,-8.46964]]],[[[113.62364,-8.47286],[113.62374,-8.47186],[113.62399,-8.47291],[113.62364,-8.47286]]],[[[113.62336,-8.47181],[113.62344,-8.4713],[113.62376,-8.47166],[113.62336,-8.47181]]],[[[113.61923,-8.49823],[113.61779,-8.4986],[113.61758,-8.49825],[113.61852,-8.49679],[113.6196,-8.4975],[113.61923,-8.49823]]],[[[113.6177,-8.49954],[113.6174,-8.50021],[113.61728,-8.49931],[113.6177,-8.49954]]],[[[113.6173,-8.49878],[113.61749,-8.49889],[113.6173,-8.49896],[113.6173,-8.49878]]],[[[113.61682,-8.49905],[113.61682,-8.49915],[113.61677,-8.49913],[113.61682,-8.49905]]],[[[113.61647,-8.49908],[113.61665,-8.49941],[113.61631,-8.49929],[113.61647,-8.49908]]],[[[113.61616,-8.49937],[113.61632,-8.49936],[113.61622,-8.49946],[113.61616,-8.49937]]],[[[113.61582,-8.50048],[113.61618,-8.49964],[113.61631,-8.49962],[113.61582,-8.50048]]],[[[113.61608,-8.4994],[113.61605,-8.49952],[113.616,-8.49949],[113.61608,-8.4994]]],[[[113.61509,-8.49947],[113.6146,-8.49964],[113.61444,-8.49949],[113.61509,-8.49947]]],[[[113.61425,-8.49939],[113.61437,-8.4995],[113.61419,-8.49952],[113.61425,-8.49939]]]]}},{"type":"Feature","properties":{"kode":"35.09.19","nama":"Kaliwates","label":[-8.17368,113.68872]},"geometry":{"type":"Polygon","coordinates":[[[113.70197,-8.19481],[113.71233,-8.19577],[113.71221,-8.20122],[113.71156,-8.20249],[113.7085,-8.20194],[113.70716,-8.20261],[113.70618,-8.20183],[113.7054,-8.20216],[113.70247,-8.20439],[113.70108,-8.20456],[113.69949,-8.20592],[113.69875,-8.20723],[113.69665,-8.20773],[113.69493,-8.21018],[113.69397,-8.20973],[113.69191,-8.21265],[113.68766,-8.21396],[113.68035,-8.21444],[113.68359,-8.20884],[113.68303,-8.20825],[113.68135,-8.20825],[113.68139,-8.2071],[113.68057,-8.20702],[113.68004,-8.20449],[113.67629,-8.20327],[113.67569,-8.20131],[113.67419,-8.20063],[113.67424,-8.19858],[113.67219,-8.19705],[113.67064,-8.1979],[113.66674,-8.19839],[113.66625,-8.19941],[113.66549,-8.19973],[113.66375,-8.19838],[113.66362,-8.19598],[113.66234,-8.19529],[113.66136,-8.19597],[113.66113,-8.1976],[113.66069,-8.19791],[113.65887,-8.1979],[113.65752,-8.19973],[113.65505,-8.19976],[113.65472,-8.19914],[113.65552,-8.19698],[113.65464,-8.19628],[113.65268,-8.19867],[113.65209,-8.19865],[113.6515,-8.19737],[113.6509,-8.19746],[113.65072,-8.19859],[113.65139,-8.20064],[113.64904,-8.20323],[113.64726,-8.202],[113.64576,-8.20259],[113.64432,-8.20148],[113.64157,-8.20535],[113.64048,-8.20549],[113.63967,-8.20479],[113.63965,-8.20018],[113.64077,-8.19811],[113.64153,-8.19795],[113.64257,-8.19541],[113.64473,-8.19385],[113.64442,-8.19214],[113.64211,-8.19043],[113.64138,-8.18909],[113.64149,-8.18825],[113.64312,-8.18647],[113.64175,-8.18512],[113.64209,-8.18394],[113.64179,-8.18158],[113.64301,-8.1815],[113.65029,-8.18429],[113.65207,-8.18451],[113.65286,-8.18305],[113.65281,-8.18154],[113.65444,-8.18071],[113.65508,-8.17789],[113.6556,-8.17757],[113.65944,-8.17737],[113.66383,-8.17644],[113.6656,-8.17487],[113.66853,-8.17498],[113.67097,-8.17409],[113.67002,-8.17138],[113.67021,-8.16938],[113.66957,-8.1666],[113.67026,-8.16481],[113.66944,-8.1618],[113.67006,-8.16046],[113.67141,-8.16023],[113.67166,-8.1589],[113.67132,-8.15796],[113.67053,-8.15754],[113.67073,-8.15662],[113.66968,-8.15483],[113.66977,-8.15333],[113.67027,-8.1529],[113.66988,-8.15156],[113.66826,-8.14925],[113.66846,-8.14865],[113.66771,-8.14867],[113.66835,-8.14667],[113.66794,-8.14614],[113.66881,-8.14558],[113.6663,-8.14422],[113.66686,-8.14306],[113.66648,-8.14176],[113.66743,-8.14033],[113.66523,-8.13762],[113.66538,-8.13692],[113.67145,-8.13391],[113.67235,-8.1326],[113.67416,-8.13751],[113.67302,-8.14119],[113.67455,-8.14504],[113.67354,-8.14673],[113.67364,-8.14773],[113.6772,-8.15284],[113.67596,-8.15432],[113.67637,-8.15678],[113.6766,-8.15716],[113.67935,-8.15754],[113.68116,-8.15891],[113.68137,-8.16081],[113.68078,-8.16218],[113.68126,-8.16385],[113.67632,-8.17035],[113.675,-8.17293],[113.68248,-8.17306],[113.68416,-8.17251],[113.68425,-8.17337],[113.68568,-8.17265],[113.68638,-8.17132],[113.68848,-8.16988],[113.68905,-8.16748],[113.69435,-8.16937],[113.69445,-8.16979],[113.69871,-8.16781],[113.70125,-8.16998],[113.70153,-8.17077],[113.70549,-8.17116],[113.70585,-8.17155],[113.70531,-8.17204],[113.70549,-8.17288],[113.70705,-8.17399],[113.70615,-8.17631],[113.70023,-8.17911],[113.69647,-8.18225],[113.69481,-8.18269],[113.6937,-8.18205],[113.69303,-8.18237],[113.69306,-8.18329],[113.69207,-8.18402],[113.69381,-8.18672],[113.69213,-8.19065],[113.69532,-8.19172],[113.70161,-8.19183],[113.70197,-8.19481]]]}},{"type":"Feature","properties":{"kode":"35.09.20","nama":"Patrang","label":[-8.12683,113.70083]},"geometry":{"type":"Polygon","coordinates":[[[113.71196,-8.15772],[113.71202,-8.16176],[113.71019,-8.16327],[113.70758,-8.16451],[113.70682,-8.16812],[113.70569,-8.16897],[113.70657,-8.1703],[113.70775,-8.17039],[113.70792,-8.17094],[113.70718,-8.17171],[113.7051,-8.171],[113.70153,-8.17077],[113.70125,-8.16998],[113.69871,-8.16781],[113.69445,-8.16979],[113.69435,-8.16937],[113.68905,-8.16748],[113.68848,-8.16988],[113.68638,-8.17132],[113.68568,-8.17265],[113.68425,-8.17337],[113.68416,-8.17251],[113.68248,-8.17306],[113.675,-8.17293],[113.67632,-8.17035],[113.68126,-8.16385],[113.68078,-8.16218],[113.68138,-8.16059],[113.68087,-8.15848],[113.67935,-8.15754],[113.67655,-8.15709],[113.67596,-8.15432],[113.67701,-8.15344],[113.67716,-8.15264],[113.67364,-8.14773],[113.67354,-8.14673],[113.67455,-8.14504],[113.67302,-8.14119],[113.67416,-8.13751],[113.67235,-8.1326],[113.67238,-8.12979],[113.6715,-8.12781],[113.67089,-8.12746],[113.67161,-8.12484],[113.671,-8.12085],[113.66956,-8.11593],[113.66935,-8.11131],[113.67006,-8.10747],[113.67075,-8.10665],[113.6726,-8.10616],[113.6734,-8.10793],[113.67394,-8.10819],[113.67418,-8.11042],[113.67648,-8.11213],[113.67708,-8.11494],[113.68133,-8.11496],[113.68585,-8.11686],[113.68729,-8.11853],[113.68736,-8.12237],[113.6941,-8.12338],[113.69396,-8.12161],[113.6955,-8.11808],[113.69529,-8.11716],[113.69445,-8.11658],[113.6944,-8.11552],[113.69224,-8.11452],[113.69325,-8.11112],[113.69106,-8.10941],[113.6912,-8.10759],[113.69019,-8.10509],[113.6887,-8.10311],[113.68725,-8.10223],[113.68624,-8.10071],[113.68641,-8.09952],[113.68505,-8.09922],[113.68445,-8.09737],[113.6829,-8.09703],[113.6815,-8.09587],[113.68101,-8.09494],[113.68112,-8.09391],[113.68024,-8.09341],[113.67997,-8.09131],[113.68016,-8.09086],[113.68095,-8.09092],[113.68099,-8.09016],[113.67885,-8.08788],[113.67878,-8.08676],[113.67967,-8.08624],[113.67922,-8.083],[113.68413,-8.0803],[113.68453,-8.08027],[113.68587,-8.0831],[113.68754,-8.08502],[113.68805,-8.08801],[113.69125,-8.09045],[113.6928,-8.09605],[113.69388,-8.09691],[113.69562,-8.09709],[113.69796,-8.10059],[113.69956,-8.10686],[113.70247,-8.10753],[113.7042,-8.10906],[113.70457,-8.11151],[113.70561,-8.11233],[113.70469,-8.11456],[113.70537,-8.11558],[113.71059,-8.11936],[113.71221,-8.12276],[113.71395,-8.12342],[113.71437,-8.12234],[113.71685,-8.12175],[113.7175,-8.12309],[113.72167,-8.12596],[113.72554,-8.12432],[113.72684,-8.12458],[113.72969,-8.1261],[113.73319,-8.12895],[113.73388,-8.12802],[113.73518,-8.12778],[113.73576,-8.12336],[113.74297,-8.12561],[113.74254,-8.12612],[113.74334,-8.12668],[113.7427,-8.12699],[113.74304,-8.12796],[113.74205,-8.12796],[113.74109,-8.1296],[113.73876,-8.13104],[113.7383,-8.13192],[113.73989,-8.13331],[113.7405,-8.13476],[113.73906,-8.13611],[113.73904,-8.1384],[113.73725,-8.13696],[113.73635,-8.13895],[113.73519,-8.13921],[113.73328,-8.1452],[113.7324,-8.14505],[113.73159,-8.14348],[113.73106,-8.14343],[113.73058,-8.14423],[113.7311,-8.14557],[113.72996,-8.14584],[113.72863,-8.14508],[113.72784,-8.14641],[113.72646,-8.14702],[113.72662,-8.15011],[113.72369,-8.14914],[113.72361,-8.15066],[113.72546,-8.15105],[113.72547,-8.15148],[113.72287,-8.15213],[113.72114,-8.15075],[113.72079,-8.1526],[113.72237,-8.15343],[113.72127,-8.15482],[113.71985,-8.15477],[113.72053,-8.15351],[113.72021,-8.15319],[113.71753,-8.15398],[113.71621,-8.15569],[113.71486,-8.15564],[113.71412,-8.15671],[113.71314,-8.15635],[113.71248,-8.15672],[113.71196,-8.15772]]]}},{"type":"Feature","properties":{"kode":"35.09.21","nama":"Sumbersari","label":[-8.17364,113.72846]},"geometry":{"type":"MultiPolygon","coordinates":[[[[113.74528,-8.16772],[113.74614,-8.1675],[113.74912,-8.16816],[113.75011,-8.16744],[113.75054,-8.16771],[113.75038,-8.16818],[113.75134,-8.16839],[113.75146,-8.17034],[113.75035,-8.17328],[113.75046,-8.17521],[113.75104,-8.17719],[113.75368,-8.18084],[113.75314,-8.18254],[113.75388,-8.19264],[113.75309,-8.19388],[113.75098,-8.19471],[113.74552,-8.20163],[113.74393,-8.2017],[113.74401,-8.20339],[113.74553,-8.20549],[113.7454,-8.20596],[113.74237,-8.20683],[113.74015,-8.20631],[113.73806,-8.20718],[113.73651,-8.20875],[113.7355,-8.21078],[113.73552,-8.21185],[113.73483,-8.21255],[113.73332,-8.2118],[113.73259,-8.21046],[113.73109,-8.21016],[113.73173,-8.20972],[113.73224,-8.20809],[113.72892,-8.20719],[113.72336,-8.20694],[113.72191,-8.2079],[113.72042,-8.20812],[113.71804,-8.21025],[113.71506,-8.20973],[113.71348,-8.21277],[113.70992,-8.21202],[113.70579,-8.21205],[113.70209,-8.21127],[113.69945,-8.21001],[113.69618,-8.21044],[113.69503,-8.21004],[113.69665,-8.20773],[113.69875,-8.20723],[113.69949,-8.20592],[113.70108,-8.20456],[113.70247,-8.20439],[113.70598,-8.20189],[113.70692,-8.20259],[113.7085,-8.20194],[113.71156,-8.20249],[113.71221,-8.20122],[113.71233,-8.19577],[113.7037,-8.19526],[113.70197,-8.19481],[113.70161,-8.19183],[113.69532,-8.19172],[113.69213,-8.19065],[113.69381,-8.18672],[113.69207,-8.18402],[113.69306,-8.18329],[113.69303,-8.18237],[113.6937,-8.18205],[113.69481,-8.18269],[113.69647,-8.18225],[113.70023,-8.17911],[113.70615,-8.17631],[113.70705,-8.17399],[113.70549,-8.17288],[113.70541,-8.17172],[113.70718,-8.17171],[113.70792,-8.17094],[113.70775,-8.17039],[113.70633,-8.17011],[113.70569,-8.16897],[113.70682,-8.16812],[113.70758,-8.16451],[113.71019,-8.16327],[113.71202,-8.16176],[113.71218,-8.15708],[113.71314,-8.15635],[113.71443,-8.1566],[113.71486,-8.15564],[113.71621,-8.15569],[113.71714,-8.15421],[113.71967,-8.15322],[113.72053,-8.15351],[113.71985,-8.15477],[113.72127,-8.15482],[113.72237,-8.15343],[113.72079,-8.1526],[113.72092,-8.15093],[113.72162,-8.15084],[113.72287,-8.15213],[113.72518,-8.1517],[113.72546,-8.15105],[113.72361,-8.15066],[113.72369,-8.14914],[113.72662,-8.15011],[113.72646,-8.14702],[113.72784,-8.14641],[113.72863,-8.14508],[113.72996,-8.14584],[113.7311,-8.14557],[113.73058,-8.14423],[113.73106,-8.14343],[113.73159,-8.14348],[113.7324,-8.14505],[113.73328,-8.1452],[113.73519,-8.13921],[113.73635,-8.13895],[113.73725,-8.13696],[113.73904,-8.1384],[113.73906,-8.13611],[113.7405,-8.13476],[113.74178,-8.13675],[113.74287,-8.13666],[113.74387,-8.1384],[113.74515,-8.13896],[113.74734,-8.14099],[113.74822,-8.14037],[113.74976,-8.1411],[113.75003,-8.14179],[113.75222,-8.14268],[113.75335,-8.14284],[113.75405,-8.14233],[113.7588,-8.14415],[113.76007,-8.14582],[113.75947,-8.14722],[113.76162,-8.14824],[113.76102,-8.14884],[113.76038,-8.1482],[113.76023,-8.14908],[113.75959,-8.1494],[113.75975,-8.14992],[113.75662,-8.15068],[113.75629,-8.15156],[113.75499,-8.15096],[113.75485,-8.15211],[113.75389,-8.15143],[113.75377,-8.15272],[113.75305,-8.15342],[113.75329,-8.15457],[113.75007,-8.15583],[113.74859,-8.15549],[113.74806,-8.15944],[113.74672,-8.16314],[113.74573,-8.16317],[113.74449,-8.16729],[113.74528,-8.16772]]],[[[113.6882,-8.21475],[113.68722,-8.21665],[113.68582,-8.21756],[113.68394,-8.21726],[113.68218,-8.216],[113.68121,-8.21632],[113.67965,-8.21511],[113.68035,-8.21444],[113.68766,-8.21396],[113.69207,-8.21251],[113.69198,-8.2132],[113.6882,-8.21475]]]]}},{"type":"Feature","properties":{"kode":"35.09.22","nama":"Arjasa","label":[-8.10195,113.73421]},"geometry":{"type":"Polygon","coordinates":[[[113.77003,-8.09955],[113.77085,-8.10086],[113.7701,-8.10214],[113.77213,-8.10177],[113.77231,-8.10212],[113.77183,-8.1052],[113.77619,-8.10645],[113.77786,-8.10954],[113.77977,-8.11161],[113.77722,-8.11265],[113.77643,-8.11213],[113.77606,-8.11282],[113.77692,-8.11458],[113.77574,-8.1152],[113.7741,-8.11519],[113.77497,-8.11747],[113.77346,-8.11792],[113.77276,-8.11943],[113.77033,-8.11982],[113.77042,-8.12075],[113.76974,-8.12045],[113.76958,-8.119],[113.76828,-8.11908],[113.76778,-8.121],[113.7671,-8.12038],[113.76704,-8.11905],[113.76661,-8.11895],[113.76542,-8.12145],[113.76504,-8.12137],[113.76493,-8.12036],[113.76426,-8.12019],[113.76389,-8.12258],[113.76245,-8.12131],[113.7583,-8.12252],[113.75698,-8.12379],[113.75631,-8.12373],[113.75597,-8.12364],[113.75634,-8.12053],[113.75568,-8.12064],[113.75555,-8.11933],[113.75391,-8.11593],[113.7512,-8.1148],[113.74968,-8.11696],[113.75005,-8.11973],[113.74893,-8.11969],[113.74783,-8.12061],[113.74747,-8.12238],[113.74685,-8.1229],[113.74564,-8.12246],[113.74509,-8.12332],[113.74384,-8.12338],[113.74389,-8.12483],[113.74283,-8.12554],[113.73576,-8.12336],[113.73518,-8.12778],[113.73388,-8.12802],[113.73319,-8.12895],[113.72969,-8.1261],[113.72684,-8.12458],[113.72554,-8.12432],[113.72167,-8.12596],[113.7175,-8.12309],[113.71685,-8.12175],[113.71437,-8.12234],[113.71395,-8.12342],[113.71193,-8.12253],[113.71059,-8.11936],[113.70537,-8.11558],[113.70469,-8.11456],[113.70561,-8.11233],[113.70457,-8.11151],[113.7042,-8.10906],[113.70247,-8.10753],[113.69956,-8.10686],[113.69902,-8.10418],[113.69838,-8.10338],[113.69806,-8.10077],[113.69562,-8.09709],[113.69388,-8.09691],[113.6928,-8.09605],[113.69125,-8.09045],[113.68805,-8.08801],[113.68754,-8.08502],[113.68477,-8.08135],[113.68431,-8.07976],[113.68893,-8.07652],[113.69085,-8.07653],[113.69255,-8.0756],[113.69494,-8.07567],[113.69581,-8.07526],[113.69685,-8.07675],[113.69867,-8.07688],[113.70173,-8.0787],[113.70362,-8.07522],[113.70594,-8.07473],[113.70531,-8.07569],[113.70591,-8.07689],[113.70557,-8.07885],[113.7073,-8.08008],[113.70932,-8.07957],[113.7132,-8.08109],[113.71883,-8.08165],[113.72456,-8.08329],[113.72801,-8.08337],[113.73112,-8.08287],[113.73443,-8.08379],[113.73546,-8.0835],[113.73671,-8.08453],[113.73889,-8.0852],[113.74094,-8.08397],[113.74171,-8.08489],[113.74249,-8.08441],[113.7426,-8.08554],[113.74345,-8.08549],[113.74379,-8.08661],[113.74632,-8.08712],[113.74704,-8.08647],[113.7462,-8.08471],[113.74609,-8.08313],[113.74661,-8.08256],[113.74614,-8.08161],[113.74716,-8.08191],[113.74933,-8.0855],[113.74974,-8.08667],[113.7491,-8.08737],[113.74968,-8.0892],[113.75095,-8.0895],[113.75097,-8.09062],[113.75208,-8.0919],[113.7555,-8.09098],[113.75676,-8.09107],[113.75799,-8.08648],[113.75897,-8.08711],[113.76119,-8.08701],[113.76243,-8.08785],[113.76313,-8.08757],[113.76612,-8.08834],[113.76851,-8.08833],[113.76938,-8.08942],[113.76936,-8.09067],[113.76997,-8.09137],[113.76957,-8.09233],[113.76981,-8.09518],[113.76893,-8.09599],[113.76951,-8.09724],[113.77043,-8.0975],[113.77084,-8.09845],[113.77003,-8.09955]]]}},{"type":"Feature","properties":{"kode":"35.09.23","nama":"Mumbulsari","label":[-8.25576,113.7421]},"geometry":{"type":"Polygon","coordinates":[[[113.75778,-8.29818],[113.75713,-8.29928],[113.75618,-8.29892],[113.75585,-8.2994],[113.75427,-8.29919],[113.75463,-8.30002],[113.7543,-8.30263],[113.75279,-8.30157],[113.75213,-8.30196],[113.75052,-8.30008],[113.74907,-8.29544],[113.74776,-8.29583],[113.74642,-8.29696],[113.74505,-8.2958],[113.74428,-8.29577],[113.74413,-8.29868],[113.74246,-8.29815],[113.74145,-8.30029],[113.74211,-8.30386],[113.74169,-8.30454],[113.74026,-8.30401],[113.74011,-8.30279],[113.73887,-8.30222],[113.73705,-8.30344],[113.73541,-8.30344],[113.73434,-8.30463],[113.73229,-8.30511],[113.73119,-8.30374],[113.73104,-8.30193],[113.72848,-8.30437],[113.7283,-8.30528],[113.72471,-8.30572],[113.72323,-8.3051],[113.72375,-8.29331],[113.72345,-8.29284],[113.72141,-8.29322],[113.721,-8.29252],[113.71925,-8.29178],[113.71891,-8.29078],[113.71786,-8.29109],[113.71408,-8.28981],[113.71341,-8.28385],[113.71206,-8.28308],[113.71146,-8.28318],[113.71133,-8.28416],[113.71024,-8.284],[113.70803,-8.28528],[113.70573,-8.28424],[113.70473,-8.28432],[113.70372,-8.28645],[113.70264,-8.28614],[113.70092,-8.2866],[113.70071,-8.28611],[113.70009,-8.28619],[113.69848,-8.28787],[113.69733,-8.28785],[113.69611,-8.28848],[113.69339,-8.2879],[113.69265,-8.28954],[113.68903,-8.2902],[113.68619,-8.29195],[113.68597,-8.29258],[113.68402,-8.29175],[113.68275,-8.2919],[113.68206,-8.29079],[113.67896,-8.29253],[113.678,-8.29424],[113.67651,-8.29491],[113.67707,-8.29247],[113.67827,-8.2909],[113.67824,-8.2901],[113.67939,-8.28782],[113.67949,-8.28583],[113.67785,-8.28358],[113.67706,-8.28396],[113.67663,-8.2834],[113.67618,-8.28122],[113.67871,-8.27393],[113.69094,-8.26249],[113.69253,-8.26187],[113.69424,-8.26311],[113.69607,-8.26236],[113.69641,-8.25847],[113.69793,-8.25649],[113.69696,-8.25251],[113.69713,-8.25106],[113.69863,-8.25015],[113.69904,-8.24914],[113.69816,-8.24323],[113.69941,-8.24181],[113.69894,-8.24095],[113.7001,-8.24019],[113.70123,-8.23832],[113.70131,-8.23561],[113.70392,-8.23373],[113.70415,-8.23279],[113.70314,-8.23051],[113.70353,-8.22789],[113.70414,-8.22694],[113.70659,-8.22629],[113.70835,-8.22425],[113.71114,-8.22415],[113.71236,-8.22264],[113.7174,-8.22205],[113.71792,-8.22161],[113.71823,-8.21929],[113.71996,-8.21758],[113.72168,-8.21714],[113.72289,-8.21864],[113.72342,-8.21727],[113.72412,-8.21684],[113.72527,-8.21721],[113.72441,-8.21788],[113.73061,-8.22659],[113.73203,-8.22619],[113.73405,-8.2269],[113.73683,-8.22634],[113.73824,-8.22578],[113.74008,-8.22216],[113.74425,-8.21951],[113.7447,-8.21836],[113.74813,-8.21634],[113.74846,-8.2143],[113.74937,-8.21276],[113.75171,-8.21165],[113.75371,-8.20901],[113.75467,-8.20911],[113.75558,-8.20761],[113.75688,-8.20736],[113.75748,-8.20796],[113.7592,-8.20609],[113.76079,-8.20673],[113.7616,-8.20533],[113.76311,-8.20548],[113.76316,-8.20405],[113.76499,-8.20377],[113.76567,-8.20304],[113.76659,-8.20312],[113.76735,-8.20464],[113.76872,-8.20496],[113.77095,-8.20345],[113.77293,-8.20325],[113.77526,-8.20185],[113.77643,-8.20267],[113.77713,-8.20411],[113.77614,-8.21008],[113.77972,-8.21284],[113.78476,-8.21415],[113.78495,-8.21719],[113.78543,-8.21817],[113.78456,-8.21905],[113.78344,-8.22311],[113.78254,-8.22471],[113.77989,-8.22755],[113.77923,-8.23048],[113.78222,-8.23401],[113.78254,-8.23512],[113.78219,-8.23695],[113.78283,-8.23902],[113.78398,-8.24235],[113.78538,-8.24365],[113.78627,-8.24601],[113.7858,-8.24744],[113.78637,-8.24851],[113.78535,-8.25061],[113.78682,-8.25502],[113.78568,-8.25722],[113.78506,-8.26582],[113.78422,-8.26987],[113.78268,-8.27418],[113.78074,-8.27766],[113.78259,-8.2839],[113.78307,-8.2919],[113.78108,-8.29902],[113.77957,-8.30125],[113.77617,-8.30463],[113.76934,-8.3093],[113.76804,-8.30454],[113.76543,-8.30236],[113.76289,-8.30089],[113.75924,-8.29958],[113.75778,-8.29818]]]}},{"type":"Feature","properties":{"kode":"35.09.24","nama":"Pakusari","label":[-8.1541,113.77494]},"geometry":{"type":"Polygon","coordinates":[[[113.7662,-8.18781],[113.765,-8.18941],[113.76017,-8.18945],[113.75757,-8.19162],[113.75493,-8.19267],[113.75388,-8.19264],[113.75314,-8.18254],[113.75368,-8.18084],[113.75104,-8.17719],[113.75046,-8.17521],[113.75035,-8.17328],[113.75146,-8.17034],[113.75134,-8.16839],[113.75038,-8.16818],[113.75054,-8.16771],[113.75011,-8.16744],[113.74912,-8.16816],[113.74445,-8.16744],[113.74573,-8.16317],[113.74672,-8.16314],[113.74806,-8.15944],[113.74859,-8.15549],[113.75007,-8.15583],[113.75329,-8.15457],[113.75305,-8.15342],[113.75377,-8.15272],[113.75389,-8.15143],[113.75485,-8.15211],[113.75499,-8.15096],[113.75629,-8.15156],[113.75662,-8.15068],[113.75975,-8.14992],[113.75959,-8.1494],[113.76023,-8.14908],[113.76038,-8.1482],[113.76102,-8.14884],[113.7616,-8.14837],[113.75947,-8.14722],[113.76007,-8.14582],[113.7588,-8.14415],[113.75405,-8.14233],[113.75335,-8.14284],[113.75222,-8.14268],[113.75003,-8.14179],[113.74976,-8.1411],[113.74822,-8.14037],[113.74734,-8.14099],[113.74515,-8.13896],[113.74387,-8.1384],[113.74287,-8.13666],[113.74178,-8.13675],[113.73989,-8.13331],[113.7383,-8.13192],[113.73876,-8.13104],[113.74109,-8.1296],[113.74205,-8.12796],[113.74304,-8.12796],[113.7427,-8.12699],[113.74334,-8.12668],[113.74256,-8.126],[113.74389,-8.12483],[113.74384,-8.12338],[113.74509,-8.12332],[113.74564,-8.12246],[113.74685,-8.1229],[113.74747,-8.12238],[113.74783,-8.12061],[113.74893,-8.11969],[113.75005,-8.11973],[113.74968,-8.11696],[113.7512,-8.1148],[113.75391,-8.11593],[113.75555,-8.11933],[113.75568,-8.12064],[113.75634,-8.12053],[113.75597,-8.12364],[113.75631,-8.12373],[113.75698,-8.12379],[113.7583,-8.12252],[113.76245,-8.12131],[113.76389,-8.12258],[113.76426,-8.12019],[113.76493,-8.12036],[113.76504,-8.12137],[113.76542,-8.12145],[113.76661,-8.11895],[113.76704,-8.11905],[113.7671,-8.12038],[113.76778,-8.121],[113.76828,-8.11908],[113.76958,-8.119],[113.76974,-8.12045],[113.77042,-8.12075],[113.77033,-8.11982],[113.77238,-8.1196],[113.77167,-8.12122],[113.77027,-8.1225],[113.76917,-8.12517],[113.76945,-8.12557],[113.76909,-8.12539],[113.76778,-8.12832],[113.76806,-8.12975],[113.7663,-8.13106],[113.76663,-8.13317],[113.76589,-8.13327],[113.76521,-8.13424],[113.76805,-8.13523],[113.76912,-8.13616],[113.77137,-8.13644],[113.77642,-8.1385],[113.77636,-8.13899],[113.77872,-8.13961],[113.7801,-8.14125],[113.78311,-8.14148],[113.78363,-8.14112],[113.78628,-8.14323],[113.78646,-8.14387],[113.78764,-8.14431],[113.78907,-8.14366],[113.79621,-8.14555],[113.79612,-8.1467],[113.79748,-8.14694],[113.79873,-8.14793],[113.7973,-8.14931],[113.79841,-8.14972],[113.79702,-8.15184],[113.79654,-8.15363],[113.79723,-8.15582],[113.79684,-8.15889],[113.798,-8.15907],[113.79807,-8.15972],[113.80046,-8.1599],[113.80016,-8.16118],[113.79914,-8.16122],[113.79984,-8.16255],[113.79992,-8.16798],[113.80059,-8.16964],[113.79995,-8.17258],[113.79783,-8.17262],[113.79685,-8.17334],[113.79464,-8.17326],[113.79216,-8.17428],[113.78968,-8.17465],[113.78911,-8.1772],[113.78717,-8.17835],[113.78617,-8.18201],[113.78317,-8.18416],[113.78216,-8.18584],[113.77874,-8.1866],[113.77832,-8.18814],[113.77561,-8.18891],[113.77234,-8.18849],[113.76934,-8.18906],[113.7662,-8.18781]]]}},{"type":"Feature","properties":{"kode":"35.09.25","nama":"Jelbuk","label":[-8.04621,113.70781]},"geometry":{"type":"Polygon","coordinates":[[[113.78521,-8.07376],[113.78418,-8.07439],[113.78284,-8.07653],[113.78341,-8.07783],[113.78238,-8.08113],[113.78285,-8.08141],[113.78243,-8.08215],[113.78256,-8.08833],[113.78197,-8.08952],[113.78154,-8.08943],[113.78098,-8.09203],[113.78159,-8.09236],[113.78139,-8.0928],[113.78206,-8.09379],[113.78138,-8.09578],[113.78015,-8.09715],[113.77931,-8.09928],[113.77673,-8.10039],[113.77601,-8.10245],[113.77566,-8.10191],[113.7753,-8.10213],[113.77227,-8.10541],[113.77174,-8.10503],[113.77223,-8.10192],[113.77007,-8.10205],[113.77085,-8.10086],[113.77002,-8.09916],[113.77084,-8.09845],[113.77043,-8.0975],[113.76951,-8.09724],[113.76893,-8.09599],[113.76981,-8.09518],[113.76957,-8.09233],[113.76997,-8.09137],[113.76936,-8.09067],[113.76938,-8.08942],[113.76851,-8.08833],[113.76612,-8.08834],[113.76313,-8.08757],[113.76243,-8.08785],[113.76119,-8.08701],[113.75897,-8.08711],[113.75799,-8.08648],[113.75676,-8.09107],[113.7555,-8.09098],[113.75208,-8.0919],[113.75097,-8.09062],[113.75095,-8.0895],[113.74968,-8.0892],[113.7491,-8.08737],[113.74974,-8.08667],[113.74933,-8.0855],[113.74716,-8.08191],[113.74614,-8.08161],[113.74661,-8.08256],[113.74609,-8.08313],[113.7462,-8.08471],[113.74704,-8.08647],[113.74632,-8.08712],[113.74379,-8.08661],[113.74345,-8.08549],[113.7426,-8.08554],[113.74249,-8.08441],[113.74171,-8.08489],[113.74094,-8.08397],[113.73889,-8.0852],[113.73671,-8.08453],[113.73546,-8.0835],[113.73443,-8.08379],[113.73112,-8.08287],[113.72801,-8.08337],[113.72456,-8.08329],[113.71883,-8.08165],[113.7132,-8.08109],[113.70932,-8.07957],[113.7073,-8.08008],[113.70557,-8.07885],[113.70591,-8.07689],[113.70531,-8.07569],[113.70594,-8.07473],[113.70362,-8.07522],[113.70173,-8.0787],[113.69867,-8.07688],[113.69685,-8.07675],[113.69581,-8.07526],[113.69494,-8.07567],[113.69255,-8.0756],[113.69085,-8.07653],[113.68893,-8.07652],[113.68431,-8.07976],[113.6834,-8.07931],[113.68227,-8.07623],[113.68309,-8.07543],[113.68317,-8.07464],[113.68008,-8.07307],[113.68004,-8.07149],[113.67828,-8.07052],[113.67811,-8.06815],[113.67718,-8.067],[113.67654,-8.06699],[113.67572,-8.06552],[113.6757,-8.06213],[113.67493,-8.06141],[113.67661,-8.05973],[113.67634,-8.05871],[113.67553,-8.05807],[113.67568,-8.05725],[113.67776,-8.05623],[113.67738,-8.05204],[113.67859,-8.05089],[113.67805,-8.05001],[113.67869,-8.04847],[113.67772,-8.04686],[113.67508,-8.04585],[113.67247,-8.04294],[113.6711,-8.03614],[113.67391,-8.02929],[113.67524,-8.02202],[113.67745,-8.01424],[113.67824,-8.0088],[113.67595,-8.00269],[113.67511,-7.99856],[113.67171,-7.99359],[113.67132,-7.98771],[113.67213,-7.98702],[113.67696,-7.99297],[113.6788,-7.99646],[113.68113,-7.99772],[113.68239,-8.00159],[113.6835,-8.00263],[113.685,-8.00552],[113.68643,-8.00688],[113.68741,-8.00987],[113.68724,-8.01151],[113.69083,-8.01183],[113.69559,-8.01039],[113.69765,-8.0113],[113.70379,-8.01178],[113.71019,-8.01122],[113.71218,-8.01219],[113.7141,-8.01436],[113.7148,-8.01595],[113.71921,-8.01993],[113.72024,-8.02168],[113.72185,-8.02292],[113.72289,-8.02218],[113.72619,-8.02357],[113.72703,-8.02605],[113.72853,-8.02717],[113.72801,-8.02825],[113.72928,-8.02968],[113.73076,-8.03001],[113.73234,-8.03215],[113.73242,-8.03305],[113.7333,-8.03362],[113.73325,-8.03429],[113.73427,-8.03589],[113.73416,-8.03753],[113.73551,-8.03965],[113.7363,-8.03991],[113.73783,-8.04179],[113.73897,-8.04212],[113.73928,-8.0447],[113.74011,-8.04493],[113.73957,-8.04554],[113.73961,-8.04679],[113.74089,-8.04699],[113.74337,-8.04931],[113.74442,-8.0494],[113.74477,-8.05028],[113.74612,-8.05134],[113.74515,-8.05471],[113.7456,-8.05767],[113.74687,-8.06034],[113.74655,-8.06119],[113.74753,-8.06155],[113.74703,-8.06368],[113.74738,-8.0649],[113.74892,-8.06535],[113.74919,-8.06394],[113.75101,-8.06241],[113.75189,-8.06083],[113.75144,-8.05661],[113.75,-8.0534],[113.74993,-8.05141],[113.74925,-8.04943],[113.75,-8.04877],[113.75161,-8.04932],[113.75193,-8.0515],[113.75298,-8.0526],[113.7563,-8.04738],[113.75837,-8.0499],[113.76022,-8.05079],[113.76048,-8.04963],[113.76157,-8.04886],[113.76199,-8.04903],[113.76292,-8.04757],[113.76437,-8.04353],[113.7658,-8.04306],[113.76626,-8.04199],[113.76866,-8.04138],[113.76897,-8.04036],[113.77011,-8.04038],[113.77023,-8.03971],[113.77101,-8.0397],[113.77116,-8.03915],[113.77195,-8.03886],[113.77184,-8.03821],[113.77231,-8.03824],[113.77252,-8.03693],[113.77501,-8.03783],[113.77492,-8.04033],[113.7758,-8.04184],[113.77734,-8.04315],[113.77958,-8.04398],[113.78136,-8.04657],[113.78129,-8.04848],[113.7819,-8.05014],[113.78371,-8.05025],[113.78413,-8.05114],[113.78532,-8.05007],[113.78578,-8.05051],[113.78564,-8.05116],[113.78745,-8.05132],[113.78538,-8.05509],[113.7848,-8.05755],[113.78382,-8.05762],[113.78307,-8.05866],[113.7829,-8.06029],[113.78134,-8.06432],[113.78244,-8.06494],[113.78283,-8.06614],[113.7838,-8.06704],[113.78481,-8.06726],[113.78576,-8.06829],[113.78567,-8.06885],[113.78721,-8.06941],[113.78521,-8.07376]]]}},{"type":"Feature","properties":{"kode":"35.09.26","nama":"Mayang","label":[-8.20652,113.81173]},"geometry":{"type":"Polygon","coordinates":[[[113.84522,-8.18809],[113.84631,-8.18944],[113.84665,-8.1906],[113.84607,-8.19217],[113.84707,-8.19318],[113.84719,-8.19522],[113.84813,-8.19635],[113.84711,-8.19913],[113.84764,-8.19928],[113.84736,-8.20133],[113.84811,-8.20227],[113.84759,-8.20529],[113.84527,-8.2086],[113.8453,-8.20993],[113.84431,-8.21088],[113.84376,-8.21279],[113.84301,-8.21249],[113.84191,-8.2131],[113.84152,-8.21426],[113.84093,-8.2142],[113.84055,-8.21608],[113.83853,-8.21668],[113.83698,-8.21839],[113.83528,-8.21923],[113.83545,-8.22253],[113.83454,-8.2231],[113.83292,-8.22663],[113.831,-8.22751],[113.8294,-8.22669],[113.82814,-8.22714],[113.82459,-8.22673],[113.82246,-8.22802],[113.821,-8.22832],[113.81985,-8.23003],[113.81853,-8.2308],[113.81718,-8.23078],[113.81678,-8.23234],[113.81396,-8.23527],[113.8125,-8.23615],[113.8101,-8.23667],[113.80901,-8.23809],[113.80775,-8.2384],[113.80704,-8.238],[113.80458,-8.24032],[113.80319,-8.23983],[113.78579,-8.24461],[113.78402,-8.24242],[113.78224,-8.23724],[113.78254,-8.23512],[113.78222,-8.23401],[113.77923,-8.23048],[113.77989,-8.22755],[113.78254,-8.22471],[113.78344,-8.22311],[113.78456,-8.21905],[113.78541,-8.21847],[113.78486,-8.21425],[113.77972,-8.21284],[113.77614,-8.21008],[113.77713,-8.20411],[113.77643,-8.20267],[113.77526,-8.20185],[113.77293,-8.20325],[113.77095,-8.20345],[113.76872,-8.20496],[113.76735,-8.20464],[113.76659,-8.20312],[113.76567,-8.20304],[113.76499,-8.20377],[113.76316,-8.20405],[113.76311,-8.20548],[113.7616,-8.20533],[113.76079,-8.20673],[113.7592,-8.20609],[113.75748,-8.20796],[113.75688,-8.20736],[113.75558,-8.20761],[113.75467,-8.20911],[113.75371,-8.20901],[113.75171,-8.21165],[113.74937,-8.21276],[113.74846,-8.2143],[113.74813,-8.21634],[113.7447,-8.21836],[113.74425,-8.21951],[113.74008,-8.22216],[113.73824,-8.22578],[113.73683,-8.22634],[113.73405,-8.2269],[113.73203,-8.22619],[113.73061,-8.22659],[113.72441,-8.21788],[113.72611,-8.21702],[113.72625,-8.21626],[113.7293,-8.21577],[113.7304,-8.21502],[113.72884,-8.21231],[113.72958,-8.21149],[113.73099,-8.21144],[113.73109,-8.21016],[113.73259,-8.21046],[113.73332,-8.2118],[113.73483,-8.21255],[113.73552,-8.21185],[113.7355,-8.21078],[113.73651,-8.20875],[113.73806,-8.20718],[113.74015,-8.20631],[113.74237,-8.20683],[113.7454,-8.20596],[113.74553,-8.20549],[113.74401,-8.20339],[113.74393,-8.2017],[113.74552,-8.20163],[113.75098,-8.19471],[113.75309,-8.19388],[113.75375,-8.19266],[113.75493,-8.19267],[113.75757,-8.19162],[113.76017,-8.18945],[113.765,-8.18941],[113.7662,-8.18781],[113.76934,-8.18906],[113.77234,-8.18849],[113.77561,-8.18891],[113.77832,-8.18814],[113.77874,-8.1866],[113.78216,-8.18584],[113.78317,-8.18416],[113.78617,-8.18201],[113.78717,-8.17835],[113.78911,-8.1772],[113.78968,-8.17465],[113.79216,-8.17428],[113.79464,-8.17326],[113.79884,-8.17362],[113.79957,-8.17545],[113.80615,-8.17333],[113.80694,-8.17256],[113.80912,-8.1721],[113.80994,-8.17143],[113.81183,-8.17154],[113.81264,-8.17081],[113.81273,-8.16954],[113.81596,-8.16863],[113.81908,-8.16843],[113.81926,-8.16914],[113.82039,-8.16976],[113.82258,-8.16982],[113.82498,-8.17075],[113.82767,-8.16982],[113.8293,-8.17013],[113.83084,-8.16954],[113.83198,-8.16965],[113.83579,-8.17155],[113.83697,-8.17362],[113.84083,-8.17703],[113.84154,-8.17848],[113.84213,-8.17802],[113.84384,-8.17801],[113.84438,-8.17685],[113.84713,-8.17752],[113.8474,-8.17683],[113.84837,-8.17704],[113.84911,-8.17658],[113.85048,-8.17744],[113.85053,-8.17853],[113.84985,-8.17978],[113.85021,-8.18081],[113.84981,-8.1842],[113.84785,-8.1856],[113.84783,-8.18653],[113.84658,-8.18703],[113.84585,-8.18682],[113.84522,-8.18809]]]}},{"type":"Feature","properties":{"kode":"35.09.27","nama":"Kalisat","label":[-8.1243,113.80758]},"geometry":{"type":"Polygon","coordinates":[[[113.79658,-8.15414],[113.79702,-8.15184],[113.79841,-8.14972],[113.7973,-8.14931],[113.79873,-8.14793],[113.79748,-8.14694],[113.79612,-8.1467],[113.79621,-8.14555],[113.78907,-8.14366],[113.78764,-8.14431],[113.78646,-8.14387],[113.78628,-8.14323],[113.78363,-8.14112],[113.78311,-8.14148],[113.7801,-8.14125],[113.77872,-8.13961],[113.77636,-8.13899],[113.77642,-8.1385],[113.77137,-8.13644],[113.76912,-8.13616],[113.76805,-8.13523],[113.76521,-8.13424],[113.76589,-8.13327],[113.76663,-8.13317],[113.7662,-8.13133],[113.76673,-8.13039],[113.76806,-8.12975],[113.76759,-8.12891],[113.76909,-8.12539],[113.76945,-8.12557],[113.76917,-8.12517],[113.77027,-8.1225],[113.77167,-8.12122],[113.77346,-8.11792],[113.77497,-8.11747],[113.77397,-8.11535],[113.77673,-8.11486],[113.77692,-8.11405],[113.77606,-8.11282],[113.77643,-8.11213],[113.77722,-8.11265],[113.77977,-8.11161],[113.77786,-8.10954],[113.77619,-8.10645],[113.77227,-8.10541],[113.7753,-8.10213],[113.77566,-8.10191],[113.77601,-8.10245],[113.77673,-8.10039],[113.77931,-8.09928],[113.78015,-8.09715],[113.78138,-8.09578],[113.78206,-8.09379],[113.78139,-8.0928],[113.78159,-8.09236],[113.78098,-8.09203],[113.78154,-8.08943],[113.78197,-8.08952],[113.78256,-8.08833],[113.78243,-8.08215],[113.78285,-8.08141],[113.78238,-8.08113],[113.78341,-8.07783],[113.78284,-8.07653],[113.78556,-8.07299],[113.78991,-8.07657],[113.79114,-8.07591],[113.79174,-8.07375],[113.79484,-8.07453],[113.7958,-8.0743],[113.79611,-8.07473],[113.79657,-8.07443],[113.7971,-8.07569],[113.79659,-8.07622],[113.79541,-8.07637],[113.79565,-8.07783],[113.7946,-8.07916],[113.7947,-8.0801],[113.79393,-8.08122],[113.79421,-8.08159],[113.7962,-8.08051],[113.79581,-8.08172],[113.79736,-8.08207],[113.79786,-8.08413],[113.79941,-8.0828],[113.80035,-8.08318],[113.80059,-8.08206],[113.80299,-8.08235],[113.80333,-8.08172],[113.80383,-8.08226],[113.80492,-8.08142],[113.80398,-8.08486],[113.8044,-8.08516],[113.80451,-8.08654],[113.80534,-8.08729],[113.80561,-8.08659],[113.80695,-8.08683],[113.807,-8.08852],[113.80773,-8.08871],[113.8081,-8.09039],[113.80677,-8.0945],[113.80686,-8.0958],[113.80744,-8.09623],[113.80921,-8.09596],[113.81026,-8.09474],[113.8112,-8.0948],[113.81322,-8.09387],[113.81516,-8.09428],[113.81543,-8.09299],[113.81619,-8.0929],[113.8169,-8.09356],[113.8179,-8.09243],[113.81895,-8.09275],[113.81986,-8.09158],[113.82059,-8.09187],[113.82278,-8.09094],[113.82305,-8.09187],[113.82427,-8.09198],[113.82538,-8.0911],[113.82618,-8.09133],[113.82711,-8.09067],[113.82786,-8.09135],[113.82897,-8.09132],[113.83004,-8.09285],[113.83112,-8.09297],[113.83154,-8.09379],[113.83111,-8.09532],[113.83134,-8.09667],[113.83099,-8.09687],[113.83159,-8.09717],[113.83063,-8.09857],[113.83299,-8.09881],[113.83294,-8.10353],[113.83491,-8.10532],[113.83509,-8.10796],[113.83606,-8.10781],[113.83608,-8.10893],[113.83679,-8.10915],[113.83649,-8.1109],[113.83744,-8.11158],[113.83715,-8.11293],[113.83753,-8.11299],[113.83789,-8.11461],[113.8373,-8.11493],[113.83728,-8.11602],[113.8385,-8.11667],[113.83875,-8.11779],[113.84,-8.11836],[113.84077,-8.11932],[113.84065,-8.11993],[113.83948,-8.1208],[113.84046,-8.12174],[113.84268,-8.12246],[113.84636,-8.1222],[113.84675,-8.12324],[113.84574,-8.12343],[113.84532,-8.12681],[113.84623,-8.12849],[113.84611,-8.12914],[113.84778,-8.12917],[113.84777,-8.13072],[113.84999,-8.13304],[113.85113,-8.13362],[113.85176,-8.13502],[113.85104,-8.13609],[113.84956,-8.13664],[113.84717,-8.13627],[113.84483,-8.13658],[113.8414,-8.13932],[113.84059,-8.14117],[113.83957,-8.14108],[113.8394,-8.14205],[113.83825,-8.1428],[113.83677,-8.14199],[113.83628,-8.14206],[113.83617,-8.14277],[113.83401,-8.1426],[113.83387,-8.14377],[113.83245,-8.14433],[113.8329,-8.14504],[113.83232,-8.14537],[113.83233,-8.14646],[113.83071,-8.14755],[113.83017,-8.15041],[113.83039,-8.15147],[113.8255,-8.15466],[113.82342,-8.15719],[113.8227,-8.15883],[113.82208,-8.15909],[113.82181,-8.16027],[113.82092,-8.16097],[113.81859,-8.16078],[113.81809,-8.16181],[113.8167,-8.1622],[113.81604,-8.16182],[113.81367,-8.16262],[113.81345,-8.16517],[113.8114,-8.16535],[113.80935,-8.1672],[113.80813,-8.16702],[113.80708,-8.16817],[113.80661,-8.17004],[113.80725,-8.17024],[113.80615,-8.17333],[113.80308,-8.17403],[113.79985,-8.17541],[113.79926,-8.17514],[113.79907,-8.17375],[113.79685,-8.1735],[113.79783,-8.17262],[113.79969,-8.17282],[113.80016,-8.17208],[113.80059,-8.16964],[113.79992,-8.16798],[113.79984,-8.16255],[113.79914,-8.16122],[113.80016,-8.16118],[113.80046,-8.1599],[113.79807,-8.15972],[113.798,-8.15907],[113.79684,-8.15889],[113.79723,-8.15582],[113.79658,-8.15414]]]}},{"type":"Feature","properties":{"kode":"35.09.28","nama":"Ledokombo","label":[-8.13798,113.94144]},"geometry":{"type":"Polygon","coordinates":[[[113.86491,-8.17815],[113.86331,-8.17777],[113.86059,-8.17885],[113.8588,-8.17859],[113.85637,-8.17935],[113.85545,-8.17908],[113.85457,-8.17985],[113.85376,-8.1793],[113.85315,-8.17995],[113.85175,-8.17889],[113.85159,-8.17758],[113.84888,-8.17658],[113.84837,-8.17704],[113.8474,-8.17683],[113.84713,-8.17752],[113.84438,-8.17685],[113.84384,-8.17801],[113.84213,-8.17802],[113.84154,-8.17848],[113.84083,-8.17703],[113.83697,-8.17362],[113.83579,-8.17155],[113.83225,-8.16974],[113.83084,-8.16954],[113.8293,-8.17013],[113.82767,-8.16982],[113.82498,-8.17075],[113.82258,-8.16982],[113.82039,-8.16976],[113.8188,-8.16837],[113.81273,-8.16954],[113.81235,-8.17127],[113.81145,-8.17167],[113.80994,-8.17143],[113.80649,-8.173],[113.80725,-8.17024],[113.80661,-8.17004],[113.80708,-8.16817],[113.80813,-8.16702],[113.80935,-8.1672],[113.8114,-8.16535],[113.81345,-8.16517],[113.81387,-8.16377],[113.81359,-8.16281],[113.81445,-8.16218],[113.81809,-8.16181],[113.81873,-8.16073],[113.82114,-8.16088],[113.8255,-8.15466],[113.83019,-8.15169],[113.83071,-8.14755],[113.83233,-8.14646],[113.83232,-8.14537],[113.8329,-8.14504],[113.83245,-8.14433],[113.83387,-8.14377],[113.83401,-8.1426],[113.83617,-8.14277],[113.83628,-8.14206],[113.83677,-8.14199],[113.83825,-8.1428],[113.8394,-8.14205],[113.83957,-8.14108],[113.84059,-8.14117],[113.8414,-8.13932],[113.84483,-8.13658],[113.84717,-8.13627],[113.84956,-8.13664],[113.85104,-8.13609],[113.8517,-8.13522],[113.85113,-8.13362],[113.84999,-8.13304],[113.84777,-8.13072],[113.84778,-8.12917],[113.84611,-8.12914],[113.84623,-8.12849],[113.84532,-8.12681],[113.84574,-8.12343],[113.84675,-8.12324],[113.84636,-8.1222],[113.84268,-8.12246],[113.84046,-8.12174],[113.83948,-8.1208],[113.84065,-8.11993],[113.84074,-8.11924],[113.83875,-8.11779],[113.8385,-8.11667],[113.83728,-8.11602],[113.8373,-8.11493],[113.83788,-8.11435],[113.83753,-8.11299],[113.83715,-8.11293],[113.83744,-8.11158],[113.83649,-8.1109],[113.83679,-8.10915],[113.83608,-8.10893],[113.83606,-8.10781],[113.83509,-8.10796],[113.83491,-8.10532],[113.83309,-8.10376],[113.83284,-8.10256],[113.83299,-8.09881],[113.8382,-8.09752],[113.83953,-8.09753],[113.84086,-8.09819],[113.84546,-8.09818],[113.84635,-8.09479],[113.84961,-8.09273],[113.85133,-8.09272],[113.85162,-8.09232],[113.8532,-8.09334],[113.85565,-8.09315],[113.85674,-8.09366],[113.85693,-8.09461],[113.85844,-8.09452],[113.85831,-8.09607],[113.86153,-8.09774],[113.86509,-8.09833],[113.86491,-8.09916],[113.86731,-8.09987],[113.86771,-8.10103],[113.86858,-8.10159],[113.8721,-8.10152],[113.87317,-8.10086],[113.87437,-8.10103],[113.87576,-8.10225],[113.87744,-8.10208],[113.87903,-8.10425],[113.88164,-8.10467],[113.88669,-8.10837],[113.89133,-8.10921],[113.89095,-8.11011],[113.89359,-8.11087],[113.89685,-8.11057],[113.8983,-8.11212],[113.90174,-8.11316],[113.90572,-8.11602],[113.90843,-8.11522],[113.91363,-8.11819],[113.91433,-8.11825],[113.91555,-8.11708],[113.91691,-8.11686],[113.92009,-8.11818],[113.92291,-8.11713],[113.92556,-8.11777],[113.92614,-8.11702],[113.92836,-8.11679],[113.93015,-8.11692],[113.93124,-8.11784],[113.93305,-8.11819],[113.93417,-8.11751],[113.9359,-8.11777],[113.9381,-8.11606],[113.94162,-8.1156],[113.94597,-8.11614],[113.94811,-8.11751],[113.9509,-8.11807],[113.95916,-8.11615],[113.96126,-8.11632],[113.96411,-8.11735],[113.96835,-8.11746],[113.97164,-8.11662],[113.97553,-8.11635],[113.98318,-8.11429],[113.98582,-8.11495],[113.98935,-8.11488],[113.99293,-8.11552],[113.99675,-8.1176],[113.99742,-8.11928],[113.99855,-8.12021],[114.00397,-8.12311],[114.00677,-8.12218],[114.00928,-8.12235],[114.01126,-8.12158],[114.01477,-8.12136],[114.01895,-8.12209],[114.02628,-8.1216],[114.03362,-8.12304],[114.03609,-8.12399],[114.04569,-8.12318],[114.04685,-8.12425],[114.04678,-8.1252],[114.04515,-8.12705],[114.04333,-8.13096],[114.04216,-8.13584],[114.03697,-8.14056],[114.03566,-8.14102],[114.02768,-8.1394],[114.02456,-8.14008],[114.01803,-8.14037],[114.01551,-8.14207],[114.00983,-8.14772],[114.00811,-8.14889],[114.00337,-8.14956],[114.00002,-8.1509],[113.99911,-8.15195],[113.99569,-8.15408],[113.99409,-8.15451],[113.9913,-8.15711],[113.98954,-8.15963],[113.98663,-8.16087],[113.98475,-8.16027],[113.98255,-8.16164],[113.98156,-8.16326],[113.98035,-8.16326],[113.97954,-8.16455],[113.97612,-8.16677],[113.97502,-8.16894],[113.97233,-8.16942],[113.96696,-8.17197],[113.96542,-8.17124],[113.96264,-8.17125],[113.96167,-8.17043],[113.96037,-8.17087],[113.9591,-8.16996],[113.95814,-8.17088],[113.95755,-8.17058],[113.95716,-8.17112],[113.95651,-8.17073],[113.95559,-8.17143],[113.95396,-8.17029],[113.95166,-8.16967],[113.94982,-8.16831],[113.94707,-8.16917],[113.94614,-8.16709],[113.94348,-8.16768],[113.94061,-8.1667],[113.93876,-8.16692],[113.9386,-8.16746],[113.9375,-8.16693],[113.93681,-8.16737],[113.9348,-8.16627],[113.93395,-8.16518],[113.93061,-8.16432],[113.9281,-8.16612],[113.92701,-8.16606],[113.92521,-8.16732],[113.92319,-8.16758],[113.92205,-8.16863],[113.92153,-8.16845],[113.91977,-8.16958],[113.91893,-8.16961],[113.91796,-8.17063],[113.91777,-8.17177],[113.91713,-8.17175],[113.91611,-8.17322],[113.91543,-8.17351],[113.91456,-8.17294],[113.91376,-8.17307],[113.91148,-8.17479],[113.90734,-8.17485],[113.90375,-8.1726],[113.90152,-8.17244],[113.89881,-8.17104],[113.89858,-8.17193],[113.89761,-8.172],[113.89708,-8.17347],[113.89456,-8.17336],[113.89383,-8.17485],[113.89247,-8.17557],[113.89139,-8.17546],[113.89082,-8.17473],[113.88943,-8.17513],[113.88762,-8.17451],[113.88602,-8.17555],[113.88394,-8.17585],[113.88232,-8.17752],[113.88262,-8.17875],[113.88071,-8.18014],[113.87711,-8.17914],[113.87667,-8.17864],[113.87384,-8.17921],[113.87241,-8.17808],[113.87015,-8.17831],[113.87073,-8.17863],[113.87062,-8.17952],[113.87176,-8.17976],[113.87141,-8.18079],[113.87176,-8.18185],[113.86973,-8.18045],[113.86906,-8.18056],[113.86877,-8.17989],[113.86736,-8.17979],[113.86655,-8.179],[113.8647,-8.17904],[113.86412,-8.17853],[113.86491,-8.17815]]]}},{"type":"Feature","properties":{"kode":"35.09.29","nama":"Sukowono","label":[-8.05816,113.8237]},"geometry":{"type":"Polygon","coordinates":[[[113.82278,-8.09094],[113.82118,-8.0913],[113.82059,-8.09187],[113.81986,-8.09158],[113.81895,-8.09275],[113.8179,-8.09243],[113.8169,-8.09356],[113.81564,-8.0929],[113.81516,-8.09428],[113.81336,-8.09384],[113.8112,-8.0948],[113.81026,-8.09474],[113.80882,-8.09609],[113.80744,-8.09623],[113.80686,-8.0958],[113.80685,-8.09381],[113.8081,-8.09039],[113.80773,-8.08871],[113.807,-8.08852],[113.80695,-8.08683],[113.80561,-8.08659],[113.80534,-8.08729],[113.80451,-8.08654],[113.8044,-8.08516],[113.80398,-8.08486],[113.80492,-8.08142],[113.80383,-8.08226],[113.80333,-8.08172],[113.80299,-8.08235],[113.80059,-8.08206],[113.80035,-8.08318],[113.79941,-8.0828],[113.79786,-8.08413],[113.79736,-8.08207],[113.79581,-8.08172],[113.7962,-8.08051],[113.79421,-8.08159],[113.79393,-8.08122],[113.7947,-8.0801],[113.7946,-8.07916],[113.79565,-8.07783],[113.79541,-8.07637],[113.79659,-8.07622],[113.7971,-8.07569],[113.79657,-8.07443],[113.79611,-8.07473],[113.7958,-8.0743],[113.79484,-8.07453],[113.79174,-8.07375],[113.79114,-8.07591],[113.78991,-8.07657],[113.78556,-8.07299],[113.78721,-8.06941],[113.78567,-8.06885],[113.78576,-8.06829],[113.78481,-8.06726],[113.7838,-8.06704],[113.78283,-8.06614],[113.78244,-8.06494],[113.78134,-8.06432],[113.7829,-8.06029],[113.78307,-8.05866],[113.78382,-8.05762],[113.7848,-8.05755],[113.78538,-8.05509],[113.78781,-8.05063],[113.79237,-8.0516],[113.79372,-8.05251],[113.794,-8.05339],[113.79484,-8.05365],[113.79561,-8.05555],[113.79725,-8.05481],[113.79753,-8.05558],[113.79867,-8.05579],[113.79998,-8.05523],[113.80045,-8.05611],[113.80151,-8.05633],[113.80138,-8.05684],[113.80219,-8.05767],[113.80373,-8.05653],[113.80439,-8.05709],[113.80568,-8.05649],[113.8061,-8.05494],[113.80735,-8.05413],[113.80688,-8.05363],[113.80782,-8.05078],[113.80755,-8.05021],[113.80888,-8.04935],[113.80988,-8.04981],[113.80965,-8.04847],[113.81036,-8.04834],[113.81259,-8.04613],[113.81367,-8.04697],[113.81378,-8.04612],[113.81484,-8.04669],[113.8168,-8.04545],[113.81798,-8.04554],[113.81856,-8.04612],[113.82153,-8.04618],[113.82317,-8.04539],[113.82377,-8.04591],[113.82414,-8.04535],[113.82584,-8.04627],[113.82795,-8.04665],[113.82986,-8.0479],[113.83238,-8.04644],[113.83375,-8.04692],[113.83561,-8.04601],[113.83737,-8.047],[113.83954,-8.04642],[113.8401,-8.04706],[113.8441,-8.04726],[113.84546,-8.04649],[113.84619,-8.04661],[113.84714,-8.04567],[113.84989,-8.04565],[113.85039,-8.04459],[113.85091,-8.04472],[113.85139,-8.04318],[113.85388,-8.04414],[113.85424,-8.04297],[113.85555,-8.04254],[113.85595,-8.04156],[113.85703,-8.04169],[113.85719,-8.04104],[113.85675,-8.04078],[113.85801,-8.03976],[113.85832,-8.03894],[113.85629,-8.0369],[113.85542,-8.03683],[113.85489,-8.03595],[113.85261,-8.035],[113.85128,-8.03378],[113.85116,-8.03273],[113.8503,-8.03199],[113.85154,-8.03091],[113.84741,-8.03053],[113.84549,-8.0255],[113.84536,-8.02404],[113.84362,-8.02079],[113.84927,-8.02297],[113.84984,-8.02261],[113.85328,-8.02415],[113.85475,-8.02147],[113.85439,-8.02132],[113.8552,-8.01933],[113.85597,-8.01962],[113.85666,-8.01848],[113.85796,-8.01872],[113.85797,-8.01948],[113.85727,-8.01918],[113.85728,-8.01967],[113.85866,-8.02329],[113.85853,-8.02428],[113.8601,-8.02537],[113.85948,-8.02714],[113.8651,-8.0295],[113.86562,-8.03045],[113.86652,-8.03078],[113.86542,-8.03483],[113.86489,-8.03448],[113.86322,-8.03938],[113.86127,-8.03937],[113.8609,-8.04013],[113.86127,-8.04038],[113.86116,-8.04129],[113.85802,-8.04124],[113.8612,-8.04274],[113.86139,-8.0433],[113.86084,-8.04384],[113.86119,-8.04486],[113.86488,-8.04617],[113.86513,-8.04916],[113.86685,-8.05042],[113.86642,-8.05125],[113.86736,-8.05177],[113.86708,-8.05282],[113.86742,-8.05422],[113.86668,-8.05415],[113.86635,-8.05512],[113.86499,-8.05549],[113.86467,-8.05672],[113.86395,-8.05678],[113.86403,-8.06119],[113.86597,-8.06105],[113.86627,-8.0621],[113.86851,-8.06311],[113.86844,-8.06488],[113.87007,-8.06558],[113.87037,-8.06777],[113.87166,-8.06785],[113.87233,-8.06864],[113.87337,-8.06854],[113.87359,-8.06894],[113.87267,-8.06954],[113.87324,-8.07051],[113.87533,-8.07125],[113.87666,-8.07306],[113.87802,-8.07293],[113.87932,-8.07509],[113.88214,-8.07531],[113.88277,-8.07605],[113.88409,-8.07498],[113.88466,-8.0736],[113.8854,-8.07433],[113.88699,-8.07442],[113.88784,-8.07497],[113.88729,-8.07995],[113.88092,-8.07865],[113.87408,-8.07845],[113.86252,-8.07605],[113.86109,-8.07632],[113.85984,-8.0806],[113.86014,-8.08205],[113.85918,-8.08289],[113.8598,-8.08462],[113.85968,-8.08555],[113.85901,-8.08533],[113.85863,-8.08734],[113.85854,-8.09441],[113.85693,-8.09461],[113.85674,-8.09366],[113.85565,-8.09315],[113.8532,-8.09334],[113.85162,-8.09232],[113.85133,-8.09272],[113.84961,-8.09273],[113.84635,-8.09479],[113.84546,-8.09818],[113.84086,-8.09819],[113.83953,-8.09753],[113.8382,-8.09752],[113.83299,-8.09881],[113.83066,-8.09861],[113.83159,-8.09717],[113.83099,-8.09687],[113.83134,-8.09667],[113.83111,-8.09532],[113.83154,-8.09379],[113.83112,-8.09297],[113.83004,-8.09285],[113.82897,-8.09132],[113.82786,-8.09135],[113.82711,-8.09067],[113.82618,-8.09133],[113.82538,-8.0911],[113.82427,-8.09198],[113.82305,-8.09187],[113.82278,-8.09094]]]}},{"type":"Feature","properties":{"kode":"35.09.30","nama":"Silo","label":[-8.25897,113.86799]},"geometry":{"type":"Polygon","coordinates":[[[113.9301,-8.28988],[113.92901,-8.29222],[113.92538,-8.29423],[113.92444,-8.29695],[113.92485,-8.29882],[113.92458,-8.29981],[113.92249,-8.30283],[113.92183,-8.30702],[113.92115,-8.30845],[113.92366,-8.31015],[113.92408,-8.31322],[113.92558,-8.31767],[113.92627,-8.31875],[113.92758,-8.3191],[113.92837,-8.31996],[113.92751,-8.32183],[113.92594,-8.32279],[113.92572,-8.32337],[113.9264,-8.32653],[113.92619,-8.32807],[113.92504,-8.3293],[113.92406,-8.33141],[113.92422,-8.33491],[113.92233,-8.33526],[113.92046,-8.33696],[113.91671,-8.33756],[113.91333,-8.33994],[113.91335,-8.34166],[113.91183,-8.3429],[113.91138,-8.34411],[113.91032,-8.34474],[113.91056,-8.34605],[113.91004,-8.34658],[113.90858,-8.34527],[113.90839,-8.34373],[113.90651,-8.34371],[113.90587,-8.34276],[113.90375,-8.34247],[113.90139,-8.34391],[113.90202,-8.34457],[113.90185,-8.34526],[113.90035,-8.3469],[113.89779,-8.34684],[113.89844,-8.34516],[113.89661,-8.34434],[113.89593,-8.34444],[113.89565,-8.34532],[113.89497,-8.34524],[113.89429,-8.34617],[113.89308,-8.3459],[113.89122,-8.34691],[113.88876,-8.34668],[113.88752,-8.34592],[113.8867,-8.3435],[113.88412,-8.34496],[113.88265,-8.34521],[113.88225,-8.34386],[113.88162,-8.34341],[113.87922,-8.34447],[113.87862,-8.34223],[113.87732,-8.34191],[113.87399,-8.34531],[113.87134,-8.34526],[113.87058,-8.3474],[113.87129,-8.34897],[113.87013,-8.35032],[113.87012,-8.35244],[113.86731,-8.35402],[113.86555,-8.35587],[113.86609,-8.35665],[113.86834,-8.35676],[113.86887,-8.35743],[113.86372,-8.36131],[113.86172,-8.36136],[113.85889,-8.3671],[113.85702,-8.36765],[113.85759,-8.36808],[113.85767,-8.36909],[113.85717,-8.37327],[113.8584,-8.37435],[113.85831,-8.37519],[113.85555,-8.37643],[113.85449,-8.37827],[113.85189,-8.3801],[113.84809,-8.38063],[113.84703,-8.3812],[113.84636,-8.38063],[113.84713,-8.37934],[113.84694,-8.37871],[113.84335,-8.37832],[113.84209,-8.37586],[113.83917,-8.37377],[113.83884,-8.37212],[113.84012,-8.37045],[113.84002,-8.36973],[113.83835,-8.36766],[113.83913,-8.36635],[113.83874,-8.36509],[113.83275,-8.36335],[113.83086,-8.35763],[113.82952,-8.35645],[113.82801,-8.35693],[113.8265,-8.35811],[113.82437,-8.36237],[113.81969,-8.3596],[113.81777,-8.35951],[113.81477,-8.36028],[113.8118,-8.3624],[113.81017,-8.36302],[113.80735,-8.36141],[113.80534,-8.36116],[113.8024,-8.36342],[113.80062,-8.36373],[113.79763,-8.36522],[113.79088,-8.3661],[113.78906,-8.36553],[113.78821,-8.36316],[113.78911,-8.36217],[113.78926,-8.36121],[113.78736,-8.3588],[113.78684,-8.35728],[113.78689,-8.35087],[113.78548,-8.34958],[113.78507,-8.344],[113.78433,-8.34298],[113.78475,-8.34127],[113.78447,-8.3371],[113.78344,-8.33552],[113.78423,-8.33428],[113.78417,-8.33178],[113.78554,-8.32945],[113.7822,-8.32495],[113.77005,-8.32482],[113.76887,-8.32775],[113.76394,-8.33051],[113.76305,-8.33193],[113.7592,-8.33275],[113.75842,-8.33165],[113.75663,-8.33273],[113.75622,-8.33348],[113.75509,-8.3338],[113.75479,-8.33327],[113.75513,-8.33262],[113.75667,-8.33186],[113.75673,-8.33092],[113.75589,-8.33058],[113.7538,-8.33144],[113.75386,-8.33224],[113.75325,-8.33237],[113.75239,-8.33431],[113.75174,-8.33431],[113.75191,-8.33193],[113.7507,-8.33241],[113.74978,-8.33205],[113.74752,-8.33285],[113.74675,-8.3349],[113.74453,-8.33433],[113.7426,-8.33492],[113.74209,-8.33382],[113.74308,-8.33205],[113.74274,-8.331],[113.73924,-8.33193],[113.73602,-8.33201],[113.736,-8.33033],[113.73692,-8.32828],[113.73588,-8.32789],[113.73541,-8.32697],[113.73596,-8.32556],[113.73783,-8.32428],[113.73809,-8.32322],[113.73509,-8.32392],[113.73427,-8.32495],[113.73287,-8.32471],[113.73149,-8.32327],[113.7309,-8.32323],[113.72947,-8.32015],[113.72747,-8.31924],[113.7273,-8.31834],[113.72484,-8.31861],[113.72602,-8.30665],[113.72818,-8.30565],[113.72848,-8.30437],[113.73104,-8.30193],[113.73119,-8.30374],[113.73229,-8.30511],[113.73434,-8.30463],[113.73541,-8.30344],[113.73705,-8.30344],[113.73887,-8.30222],[113.74011,-8.30279],[113.74026,-8.30401],[113.74169,-8.30454],[113.74211,-8.30386],[113.74145,-8.30029],[113.74246,-8.29815],[113.74413,-8.29868],[113.74428,-8.29577],[113.74505,-8.2958],[113.74642,-8.29696],[113.74776,-8.29583],[113.74907,-8.29544],[113.75052,-8.30008],[113.75213,-8.30196],[113.75279,-8.30157],[113.7543,-8.30263],[113.75463,-8.30002],[113.75427,-8.29919],[113.75585,-8.2994],[113.75618,-8.29892],[113.75713,-8.29928],[113.75778,-8.29818],[113.75924,-8.29958],[113.76289,-8.30089],[113.76543,-8.30236],[113.76833,-8.30488],[113.76934,-8.3093],[113.77617,-8.30463],[113.77957,-8.30125],[113.78108,-8.29902],[113.78307,-8.2919],[113.78259,-8.2839],[113.78074,-8.27766],[113.78268,-8.27418],[113.78422,-8.26987],[113.78506,-8.26582],[113.78568,-8.25722],[113.78682,-8.25502],[113.78535,-8.25061],[113.78637,-8.24851],[113.7858,-8.24744],[113.78627,-8.24601],[113.78579,-8.24461],[113.80319,-8.23983],[113.80481,-8.24025],[113.80704,-8.238],[113.80775,-8.2384],[113.80901,-8.23809],[113.8101,-8.23667],[113.8125,-8.23615],[113.81396,-8.23527],[113.81678,-8.23234],[113.81718,-8.23078],[113.81864,-8.23076],[113.81985,-8.23003],[113.821,-8.22832],[113.82246,-8.22802],[113.82459,-8.22673],[113.82814,-8.22714],[113.8294,-8.22669],[113.831,-8.22751],[113.83303,-8.22654],[113.83454,-8.2231],[113.83545,-8.22253],[113.83528,-8.21923],[113.83698,-8.21839],[113.83853,-8.21668],[113.84055,-8.21608],[113.84093,-8.2142],[113.84152,-8.21426],[113.84191,-8.2131],[113.84301,-8.21249],[113.84371,-8.21285],[113.84431,-8.21088],[113.8453,-8.20993],[113.84527,-8.2086],[113.84759,-8.20529],[113.84811,-8.20227],[113.84736,-8.20133],[113.84764,-8.19928],[113.84711,-8.19913],[113.84813,-8.19635],[113.84719,-8.19522],[113.84707,-8.19318],[113.84607,-8.19217],[113.84665,-8.1906],[113.84631,-8.18944],[113.84506,-8.18807],[113.84594,-8.18676],[113.84658,-8.18703],[113.84783,-8.18653],[113.84785,-8.1856],[113.84981,-8.1842],[113.85021,-8.18081],[113.84985,-8.17978],[113.85053,-8.17853],[113.85048,-8.17743],[113.85159,-8.17758],[113.85175,-8.17889],[113.85315,-8.17995],[113.85376,-8.1793],[113.85457,-8.17985],[113.85545,-8.17908],[113.85637,-8.17935],[113.8588,-8.17859],[113.86059,-8.17885],[113.86369,-8.17771],[113.86375,-8.17807],[113.86491,-8.17815],[113.86412,-8.17853],[113.8647,-8.17904],[113.86655,-8.179],[113.86736,-8.17979],[113.86877,-8.17989],[113.86906,-8.18056],[113.86973,-8.18045],[113.87176,-8.18185],[113.87141,-8.18079],[113.87176,-8.17976],[113.87062,-8.17952],[113.87073,-8.17863],[113.87015,-8.17831],[113.87241,-8.17808],[113.87384,-8.17921],[113.87667,-8.17864],[113.87711,-8.17914],[113.88071,-8.18014],[113.88262,-8.17875],[113.88232,-8.17752],[113.88394,-8.17585],[113.88602,-8.17555],[113.88762,-8.17451],[113.88943,-8.17513],[113.89082,-8.17473],[113.89139,-8.17546],[113.89247,-8.17557],[113.89383,-8.17485],[113.89456,-8.17336],[113.89708,-8.17347],[113.89761,-8.172],[113.89858,-8.17193],[113.89881,-8.17104],[113.90152,-8.17244],[113.90375,-8.1726],[113.90734,-8.17485],[113.91148,-8.17479],[113.91376,-8.17307],[113.91456,-8.17294],[113.91543,-8.17351],[113.91611,-8.17322],[113.91713,-8.17175],[113.91777,-8.17177],[113.91796,-8.17063],[113.91893,-8.16961],[113.91977,-8.16958],[113.92153,-8.16845],[113.92205,-8.16863],[113.92319,-8.16758],[113.92521,-8.16732],[113.92701,-8.16606],[113.9281,-8.16612],[113.93061,-8.16432],[113.93395,-8.16518],[113.9348,-8.16627],[113.93681,-8.16737],[113.9375,-8.16693],[113.9386,-8.16746],[113.93876,-8.16692],[113.94061,-8.1667],[113.94348,-8.16768],[113.94614,-8.16709],[113.94707,-8.16917],[113.94982,-8.16831],[113.95166,-8.16967],[113.95396,-8.17029],[113.95559,-8.17143],[113.95651,-8.17073],[113.95716,-8.17112],[113.95755,-8.17058],[113.95814,-8.17088],[113.9591,-8.16996],[113.96037,-8.17087],[113.96167,-8.17043],[113.96264,-8.17125],[113.96542,-8.17124],[113.96696,-8.17197],[113.97233,-8.16942],[113.97502,-8.16894],[113.97612,-8.16677],[113.97954,-8.16455],[113.98035,-8.16326],[113.98156,-8.16326],[113.98255,-8.16164],[113.98475,-8.16027],[113.98663,-8.16087],[113.98954,-8.15963],[113.9913,-8.15711],[113.99409,-8.15451],[113.99569,-8.15408],[113.99911,-8.15195],[114.00002,-8.1509],[114.00337,-8.14956],[114.00811,-8.14889],[114.01736,-8.14072],[114.01822,-8.14034],[114.02456,-8.14008],[114.02205,-8.14187],[114.01768,-8.14635],[114.01447,-8.15109],[114.01271,-8.15253],[114.01191,-8.15429],[114.00683,-8.15931],[114.0065,-8.16079],[114.00424,-8.16219],[114.0044,-8.16415],[114.0039,-8.16549],[114.00166,-8.16829],[114.00009,-8.16917],[113.99645,-8.1765],[113.99149,-8.18086],[113.99028,-8.18295],[113.98761,-8.18388],[113.98571,-8.18523],[113.98083,-8.18748],[113.97688,-8.18818],[113.97291,-8.18952],[113.97075,-8.18959],[113.96754,-8.19442],[113.96663,-8.19728],[113.96431,-8.20038],[113.95787,-8.20585],[113.95762,-8.20702],[113.96005,-8.20822],[113.96313,-8.2151],[113.96537,-8.21844],[113.96698,-8.21914],[113.96812,-8.22061],[113.96798,-8.22203],[113.96531,-8.22553],[113.9668,-8.22982],[113.9667,-8.23227],[113.96478,-8.23625],[113.96446,-8.23822],[113.96285,-8.24042],[113.9536,-8.24884],[113.95324,-8.25146],[113.94977,-8.26072],[113.941,-8.26857],[113.93831,-8.27018],[113.93542,-8.27038],[113.935,-8.2708],[113.93382,-8.27582],[113.93436,-8.28136],[113.9333,-8.28344],[113.93165,-8.28371],[113.93078,-8.28471],[113.9301,-8.28988]]]}},{"type":"Feature","properties":{"kode":"35.09.31","nama":"Sumberjambe","label":[-8.06978,113.93209]},"geometry":{"type":"Polygon","coordinates":[[[114.04468,-8.12007],[114.04569,-8.12318],[114.03609,-8.12399],[114.03362,-8.12304],[114.02628,-8.1216],[114.01895,-8.12209],[114.01477,-8.12136],[114.01126,-8.12158],[114.00928,-8.12235],[114.00677,-8.12218],[114.00397,-8.12311],[113.99855,-8.12021],[113.99742,-8.11928],[113.99675,-8.1176],[113.99293,-8.11552],[113.98935,-8.11488],[113.98582,-8.11495],[113.98318,-8.11429],[113.97553,-8.11635],[113.97164,-8.11662],[113.96835,-8.11746],[113.96411,-8.11735],[113.96126,-8.11632],[113.95916,-8.11615],[113.9509,-8.11807],[113.94811,-8.11751],[113.94597,-8.11614],[113.94162,-8.1156],[113.9381,-8.11606],[113.9359,-8.11777],[113.93417,-8.11751],[113.93305,-8.11819],[113.93124,-8.11784],[113.93015,-8.11692],[113.92836,-8.11679],[113.92614,-8.11702],[113.92556,-8.11777],[113.92291,-8.11713],[113.92009,-8.11818],[113.91657,-8.11689],[113.91555,-8.11708],[113.914,-8.11824],[113.90843,-8.11522],[113.90572,-8.11602],[113.90174,-8.11316],[113.8983,-8.11212],[113.89685,-8.11057],[113.89359,-8.11087],[113.89095,-8.11011],[113.89133,-8.10921],[113.88669,-8.10837],[113.88164,-8.10467],[113.87903,-8.10425],[113.87744,-8.10208],[113.87576,-8.10225],[113.87437,-8.10103],[113.87317,-8.10086],[113.8721,-8.10152],[113.86858,-8.10159],[113.86771,-8.10103],[113.86731,-8.09987],[113.86491,-8.09916],[113.86509,-8.09833],[113.86153,-8.09774],[113.85831,-8.09607],[113.85863,-8.08734],[113.85901,-8.08533],[113.85968,-8.08555],[113.8598,-8.08462],[113.85918,-8.08289],[113.86014,-8.08205],[113.85984,-8.0806],[113.86109,-8.07632],[113.86252,-8.07605],[113.87408,-8.07845],[113.88092,-8.07865],[113.88729,-8.07995],[113.88787,-8.07504],[113.88699,-8.07442],[113.8854,-8.07433],[113.88466,-8.0736],[113.88409,-8.07498],[113.88277,-8.07605],[113.88214,-8.07531],[113.87932,-8.07509],[113.87802,-8.07293],[113.87666,-8.07306],[113.87533,-8.07125],[113.87324,-8.07051],[113.87267,-8.06954],[113.87359,-8.06894],[113.87337,-8.06854],[113.87233,-8.06864],[113.87166,-8.06785],[113.87037,-8.06777],[113.87007,-8.06558],[113.86844,-8.06488],[113.86851,-8.06311],[113.86627,-8.0621],[113.86597,-8.06105],[113.86403,-8.06119],[113.86395,-8.05678],[113.86467,-8.05672],[113.86499,-8.05549],[113.86635,-8.05512],[113.86668,-8.05415],[113.86742,-8.05422],[113.86708,-8.05282],[113.86736,-8.05177],[113.86642,-8.05125],[113.86685,-8.05042],[113.86513,-8.04916],[113.86488,-8.04617],[113.86119,-8.04486],[113.86084,-8.04384],[113.86139,-8.0433],[113.8612,-8.04274],[113.85802,-8.04124],[113.86116,-8.04129],[113.86127,-8.04038],[113.8609,-8.04013],[113.86127,-8.03937],[113.86322,-8.03938],[113.86489,-8.03448],[113.86542,-8.03483],[113.86652,-8.03078],[113.86813,-8.03164],[113.86799,-8.03208],[113.87203,-8.03253],[113.87243,-8.02944],[113.87184,-8.02911],[113.87279,-8.02782],[113.88497,-8.0299],[113.88643,-8.02606],[113.8836,-8.02489],[113.88367,-8.02459],[113.88559,-8.02028],[113.88544,-8.01899],[113.88696,-8.01845],[113.88736,-8.01774],[113.88696,-8.01643],[113.88945,-8.01545],[113.89242,-8.01608],[113.89322,-8.01549],[113.89375,-8.01649],[113.89499,-8.01594],[113.89529,-8.01748],[113.89617,-8.01831],[113.89823,-8.01799],[113.89935,-8.01826],[113.8999,-8.01908],[113.90163,-8.01903],[113.90276,-8.01831],[113.9037,-8.01891],[113.9037,-8.02024],[113.90499,-8.02052],[113.90585,-8.02012],[113.90687,-8.02059],[113.90687,-8.02153],[113.90835,-8.02265],[113.90936,-8.0221],[113.91013,-8.02231],[113.91199,-8.02312],[113.91317,-8.0247],[113.91673,-8.02491],[113.91746,-8.02535],[113.91861,-8.02497],[113.91948,-8.02642],[113.92182,-8.0276],[113.92238,-8.02857],[113.92338,-8.02864],[113.92513,-8.03122],[113.92671,-8.03217],[113.92754,-8.03179],[113.92859,-8.03228],[113.92883,-8.03454],[113.92964,-8.03418],[113.93054,-8.03573],[113.93304,-8.03679],[113.93341,-8.03737],[113.93487,-8.03736],[113.93708,-8.03933],[113.93764,-8.03912],[113.93865,-8.04236],[113.94788,-8.04488],[113.95051,-8.04686],[113.95117,-8.04778],[113.95095,-8.04852],[113.9534,-8.05185],[113.95504,-8.05204],[113.95527,-8.05279],[113.95642,-8.05318],[113.95865,-8.05507],[113.96247,-8.05608],[113.96404,-8.05567],[113.96739,-8.05593],[113.96892,-8.05497],[113.97085,-8.0552],[113.97297,-8.05721],[113.97402,-8.05756],[113.97846,-8.06204],[113.98169,-8.06344],[113.98716,-8.06695],[113.98922,-8.06712],[113.99156,-8.07003],[113.99261,-8.07007],[113.99517,-8.07212],[113.99927,-8.07286],[114.00187,-8.07423],[114.00285,-8.0743],[114.00456,-8.07729],[114.00632,-8.07779],[114.00847,-8.07993],[114.01008,-8.08273],[114.01268,-8.08496],[114.01361,-8.08648],[114.01473,-8.08691],[114.01454,-8.0885],[114.01527,-8.09003],[114.01506,-8.09171],[114.01557,-8.09311],[114.01748,-8.09474],[114.01786,-8.09561],[114.01937,-8.09628],[114.02131,-8.09937],[114.02164,-8.1012],[114.02289,-8.10245],[114.02349,-8.10386],[114.02535,-8.10491],[114.02525,-8.10872],[114.02621,-8.10956],[114.02763,-8.1127],[114.02995,-8.11378],[114.03382,-8.11413],[114.03988,-8.11351],[114.04099,-8.11438],[114.04228,-8.11767],[114.04468,-8.12007]]]}}]}